titles,links,location,address,hashtag,contents
제주 아라동 맛집 끝내주는 화도 흑돼지,https://blog.naver.com/spotlog/223927784724,제주 화도 흑돼지,제주 제주시 승천로 53 제주 화도 흑돼지,,본 포스팅은 원고료를 지원받아 작성한 리뷰입니다 제주 아라동 맛집 끝내주는 화도 흑돼지 제주 아라동 맛집 끝내주는 화도 흑돼지 제주 아라동 맛집 끝내주는 화도 흑돼지 제주에 와서 가장 잘먹은 음식이라고 하면 단연 제주 아라동 맛집으로 손꼽히는데요 질 좋은 흑돼지를 세트메뉴로 가성비까지 챙기며 맛깔나게 먹은 곳이라 기억에 남아요 50m  NAVER Corp 제주 화도 흑돼지 제주특별자치도 제주시 승천로 53 제주 화도 흑돼지 예약 영업시간매일 1400  2300 2200 라스트오더 전화번호 050714174491 1 깔끔한 외관 및 주차정보 찾아간 화도는 검정색으로 심플하고 고급진 외관이 돋보였어요 주차공간은 근처에 공영주차장이 4군데나 있어서 여유있게 주차했어요 돼지숯불구이 전문점으로 근고기 외에도 달달한 돼지갈비도 같이 취급하더라고요 영업시간은 오후2시부터 23시까지로 늦은 시간에도 식사가 가능했어요 2 메뉴판 자리에 앉아 가져다주시는 메뉴판을 보며 흑화도세트와 양념갈비로 주문했어요 그 외에 사이드메뉴도 다양해 고를 수 있는 폭이 넓었어요 음식을 주문하고 매장을 둘러보며 원산지표시도 제대로 되어 있었어요 돼지고기는 제주산 흑돼지를 사용하니 믿고 먹을 수 있답니다 어느새 차려지는 기본찬은 메인 고기와 어울리는 구성으로 내어졌어요 알싸한 마늘과 양파 그리고 무쌈에 김치까지 내 취향에 따라 골고루 먹었답니다 그 중에 상추쌈은 크기가 되게 크고 신선했어요 청양고추까지 같이 준비해주었고 먹다가 부족한건 또 리필해 먹었어요 매콤새콤한 양념으로 버무려진 파채도 임팩트가 상당했어요 한참 아삭하면서 알싸함이 동시에 이어져 고기랑 먹을때 찰떡케미를 보였어요 3 흑화도세트 본격적으로 제주 아라동 맛집에 메인 메뉴가 차려지는데요 고기가 생각이상으로 두툼하고 먹음직스러웠고 목살의 비계부위는 특별하게 슬라이스로 썰어 나왔어요 직원분이 맨 처음부터 끝까지 싹 익혀주시더라고요 그 과정에서 저희는 일행과 수다떨며 편하게 기다릴 수 있어 좋았어요 오겹살은 비계와 살코기로 나눠 야무지게 썰어 주었는데요 구워지는 과정에서 맛있는 냄새가 솔솔 올라와 후각을 자극했어요 게다가 가운데에는 멜젓이 팔팔 끓어갔어요 고추와 마늘을 넣어 알싸함을 추가해주었고 빨리 먹고 싶은 마음 가득이었어요 어느새 슬라이스로 나온 목살이 먼저 익었어요 기다렸다는 듯이 아까부터 눈여겨둔 멜젓에 푹 찍어 먹었답니다 되게 짭잘하고 고기는 연하고 부드러워서 훌륭했어요 이어서 두툼하게 익은 목살은 와사비에 곁들였어요 알싸함이 동시에 이어지며 감칠맛이 더해졌고 육즙이 좔좔 흐럴내렸어요 제주 아라동 맛집에서는 특별하게 멜젓을 뛰어넘는 멜장이 있었어요 전혀 비리지 않고 좀더 꾸덕한 느낌이라 맛있었고 푹 담가 먹어도 짜지 않았어요 4 돼지갈비 추가 그리고 뒤이어 돼지갈비가 등장하며 양념이 푹 배어 나왔어요 흑돼지는 직접 구워주시고 갈비는 불판을 바꾸어 우리가 구워먹었어요 불판위에 올라와 살이 아주 야들야들했고 상당히 탐스러웠어요 특별하게 양념이 배어 있으니 달달한 냄새까지 구미를당기더라고요 양손에 가위와 집게를 들고 한입에 먹기좋은 크기로 잘랐는데요 자르는 과정에서도 설겅설겅 가볍게 잘리니 확실히 질 좋은 고기였어요 바싹 익은 한점을 함께 익힌 단호박과 먹었어요 단호박은 역시나 부드럽고 고소하면서 갈비는 쫄깃해서 입맛에 잘 맞았어요 이어서 야채쌈에 고기를 듬뿍 올려 한입에 먹었답니다 입안가득 갈비의 풍미가 느껴졌으며 씹을수록 단맛이 고스란히 전해졌어요 기다렸다는 듯 뼈대에 붙은 살 까지 야무지게 발라먹었어요 질 좋은 고기에 이어 감칠맛이 더해졌으며 양도 많아 부족함없이 먹었어요 특히 기본찬으로 나온 무쌈과 곁들여 먹으면 무즙이 좔좔 나오는게 맛있었어요 이처럼 고기와 어울리는 곁들임이 다양하게 있으니 쉴틈없이 젓가락질을 했답니다 특히 제주 아라동 맛집에는 다양한 사이드메뉴가 있어 고민했는데요 살얼음이 가득 들어간 냉면은 오이와 무 그리고 계란이 왕창 올라가 있어 푸짐했어요 한젓가락 먹어보자 목을 타고 내려가는 시원한 냉기에 더위가 싹 날아갔어요 면이 쫄깃하고 취향에 맞게 겨자와 식초를 살짝 뿌려 먹으면 더 맛깔났어요 추가로 된장찌개도 주문해봤는데요 여러 좋은 재료들이 왕창 들어가 우러러 나오는 국물이 진국이었어요 무엇보다 꽃게는 살이 옹골차있어 쏙쏙 골라 먹었어요 된장의 구수함을 입고 있어 맛도리였으며 밥에 말아 먹으면 한공기 뚝딱 해치울 궁합이었어요 그리고 아이들과 방문한다면 된장국과 김을 준비해주시더라고요 이처럼 소소한 센스까지 넘치는 제주 아라동 맛집이라 식사하는 내내 대접받는 느낌이 들었어요 다음번에도 기회가 된다면 무조건 다시 찾아오고 싶은 고깃집이랍니다
제주한식 맛집 만배성한정식  아라동 맛집,https://blog.naver.com/namkok07/223850666380,만배성한정식,제주 제주시 아연로 484-9,#제주한식맛집#만배성한정식#제주아라동맛집#제주도한정식#제주한식#제주상견례#제주도모임장소#칠순잔치#팔순잔치,제주한식 맛집 만배성한정식 아라동 맛집 주소제주시 아연로 4849 지난주 친구들모임에서 소개받은 음식점으로 남편과 특별한 날에 다녀왔어요 오늘은 아주 분위기 좋고 음식맛이 좋은 한정식집 소개해 보겠습니다 아라동맛집 만배성인데요 음식도 아주 정갈하고 프라이빗한 공간도 맘에 들었어요 상견례장소로 고급스럽고 너무 괜찮아보이네요 #제주한식맛집 #만배성한정식 만배성 영업시간  11시30분21시30분 브레이크 타임 15시00분17시00분 휴무정해진 휴무가 없으니 전화확인 부탁 전화번호  0647126800 주차시설  대형 주차장완비 홈페이지  httpsmanbaesungcreatorlinknet 1층은 뷔페 공간으로 단체 대관할 수 있어요 제주에서 돌잔치나 피로연 장소로도 인기랍니다 2층이 일반 한정식집이에요 바로 2층으로 올라가시면 됩니다 2층은 개인룸으로 꾸며졌네요 고급진 공간이 너무 맘에 드는데요 만배성은 한정식 코스가 메인인데요 가격대별로 다양하게 구성되어 있어 선택의 폭이 넓었어요 C 코스 39000원  생선회 갈비찜 옥돔구이 갈치조림 등 15가지 이상의 메뉴 B코스 49000원 C 코스  불고기 새우튀김 등 추가 구성 A코스 59000원 프리미엄 한정식으로 해물찜 전복요리 등 고급 메뉴 확장 저는 C코스를 선택했는데 정말 한 상 가득 행복 이란 말이 딱 맞았어요 특히 생선회는 신선해서 입에서 살살 녹았고 갈비찜은 부드럽게 조려져 맛이 일품이었답니다 모든 코스메뉴는 2인 이상 사전예약을 하셔야 합니다 메뉴는 계절 및 상황에 따라 변경될 수 있다고 하네요 우리가 안내받은 2층은 개인룸으로 꾸며졌어요 고급진 공간이 너무 맘에 들었고요 프라이빗해서 대화하기 너무 편안했습니다 예약하고 방문했는데 시간맞춰 룸에는 기본찬이 준비되어있네요 정갈하게 셋팅된 반찬부터 범상치 않았고손맛 좋은 곳임이 느껴졌어요 시작부터 만배성의 솜씨가 느껴진다고 느끼는 순간 서빙직원의 친절함속에 음식이 추가로 계속나오더군요 #제주한식맛집 #만배성한정식 만배성C코스1인 39000원 코스가 시작되면 전복죽이 먼저 올라오고 이어서 전병과 잡채는 따뜻하게 준비되었어요 전복죽과 제주 향토음식 빙떡 그리고 따뜻했던 잡채 각종 제주바다를 담은 횟감들과 초밥 육회까지 올려졌네요 죽을 먹고나면 육회와 차돌의 생모듬과 생선회 생선초밥이 서빙됩니다 비주얼도 너무 이쁘죠 보이는 것만큼 맛도 너무 좋더라고요 생선회로는 참돔회가 나왔습니다 회는 그때그때 제철회로 구성이 달라지는 듯 했습니다 갓 튀겨 나온 고구마와 새우튀김과 따뜻한 불고기 그리고 옥돔구이부드러운 갈비찜까지 쉴 틈 없이 맛있는 음식이 계속 나와요 마무리 식사로는 가마솥 밥국 된장 뚝배기 옥돔구이 제주 생갈치조림이 나오고요 저희 남편은 특히 가마솥 밥이 너무 맛있다고 제주한식 만배성은 살짝 높은 곳에 자리해서 뷰가 예술이었고 맑은날이라 푸른 제주 바다까지 보이네요 먹는 동안 내내 기분전환도 되었고 행복했어요 #제주아라동맛집 #제주도한정식 #제주한식 #제주상견례 #제주도모임장소 #칠순잔치 #팔순잔치 50m  NAVER Corp 만배성한정식 제주특별자치도 제주시 아연로 4849 예약
제주 아라동 현지인 맛집 몸보신 장어맛집 만궁 민물장어,https://blog.naver.com/chungha66/223790026434,만궁민물장어,제주 제주시 중앙로 451-3,#만궁민물장어#제주도민맛집#제주아라동맛집#제주민물장어맛집#제주장어맛집#몸보신맛집, 제주 아라동 맛집  만궁 민물장어 제주도 제주시 아라이동 1476 영업시간 매일 11시  21시 브레이크타임 15시  17시 매주 일요일 정기휴무 제주 시내 아라동에 오래되고 유명한 현지인 맛집이 있습니다 바로 만궁 민물장어 맛집이죠 진짜 오래된 맛집이고 장어가 먹고 싶을 때 항상 생각나는 곳이기도 합니다 이번에 정말 오랜만에 다시 방문한 만궁입니다 만궁 민물장어는 바로 앞이 주차장이고 넓기 때문에 주차 걱정을 안 해도 됩니다 다만 장어를 그냥 먹기는 아쉬우니 술 한잔한다면 차를 두고 오셔도 좋습니다 바로 앞이 차도이기 때문에 조금만 걸어도 버스 정류장이 나오거든요 홀은 작아 보일 수 있지만 안으로 들어가면 넓습니다 오픈런을 했거든요 그래서 한가함이 좋았지만 6시 넘어가고 7시 넘어가니 꽉 차더라구요 일단 주문 먼저 할게요 만궁은 장어한마리정식 반마리정식도 유명한 곳입니다 예전에 점심 식사를 할 때는 이 메뉴를 주문해서 먹었고요 오늘은 장어로 몸보신 좀 하려고 왔기에 저희는 장어 소금구이 1kg를 주문했습니다 실컷 먹고 싶었거든요 일단 장어구이가 나올 때 초벌을 해서 나옵니다 오래 기다릴 필요 없이 바로 먹을 수 있기 때문에 그 점 또한 아주 마음에 드는 부분이죠 장어 구워 먹으려면 땀깨나 흘릴 수 있거든요 빠르게 상차림이 세팅이 됩니다 장어집 가면 항상 먹을 수 있는 장어 뼈 튀김이죠 또각또각 씹어 먹기 좋고 술안주로도 좋고요 장어죽으로 위 한번 달래주고 시작하면 더욱 좋고요 장어를 먹기 위한 소스가 준비되었습니다 저는 고추장 양념 소스를 부탁해서 소금구이로도 먹고 간장 양념으로도 먹고 고추장 양념으로도 먹고 아주 다양하게 먹어 보았습니다 샐러드는 야채 좋아하는 언니에게 모두 양보하는 착한 짓 했고요 다른 야채 또한 모두 양보해 드렸지요 생강도 상추도 모두 드리고 저는 요 양념게장만 먹었어요 양념 맛있더만요 맛있게 잘 먹었고요 일단 속 달래주고요 드디어 기다리던 초벌구이 된 장어 1kg이 들어왔습니다 3마리나 장어 사이즈 좋고 통통한 장어가 3마리라서 아주 기분 좋았어요 일일이 다 잘라 주시니 편안하게 먹기만 하면 됩니다 노릇노릇 빛깔도 좋고요 사이즈 마음에 드네요 장어가 너무 커도 먹기 힘들고 딱 적당한 사이즈가 먹기 편해서 좋거든요 글타고 너무 얇고 작음 장어구이 먹는 맛 안 나서 아쉽잖아요 다 잘라 주셨고 뜨끈하게 자작한 불에서 구워가면 끝까지 따뜻하게 맛있게 먹을 수 있으니 아주 좋죠 몸보신할 맛있는 장어가 눈앞에 가득 있으니 빨리 먹어야 한다는 생각에 정신이 빠짝 오늘 제대로 몸보신 해볼랍니다 이 정도 먹어 주면 운동장 세바퀴는 돌아야 할 것 같지만요 일단 맛있게 먹어보고 생각하죠 소금구이는 담백함이 좋아서 장어구이를 주문할 때 항상 소금구이로 시작을 합니다 많은 분들이 좋아하는 장어 꼬리지만 저는 안 먹어요 장어 또한 몸통 부분이 실하고 훨씬 맛있습니다 그리고 장어 꼬리가 훨씬 좋다는 건 그냥 나온 말이라고 다들 아시잖아요 맛있는 장어를 먹고 싶다면 남들 꼬리 먹을 때 꼭 몸통을 공략하세요 껍질은 바삭 살은 보들보들 잔뼈 하나도 없고 걸림이 없어 더욱 좋았고요 먹으니 너무 맛있고 고소하고 보들하지만 살이 탱탱해 아주 맛있어요 장어 두께 보이죠 진짜 실하죠 얼마나 맛있겠어요 둘이서 세 마리 정도는 먹어줘야 힘을 쓰죠 장어 먹는데 술 한잔 빠짐 너무 아쉽잖아요 맛있게 짠도 하고요 아주 고소한 장어 한 점 먹어주면 그날 힘들었던 피로도 스사삭 원기 충전 제대로 되고 있습니다 왜 그동안 장어 먹으러 올 생각을 못했을까요 머리가 나빴네요 장어를 어느 정도 먹고 있을 때 된장찌개가 나옵니다 게가 들어가서 아주 시원하고 칼칼한 된장찌개 좋아요 장어의 느끼함 딱 잡아주니 계속 더 먹을 수 있잖아요 제주 장어맛집 만궁 재생 1 좋아요 0 0004  제주 장어맛집 만궁 된장찌개 영상입니다 장어는 먹느라 영상 찍을 생각도 못 했다는요 영상이 뭐가 중요하겠어요 맛있게 먹는 것이 더 중요하죠 진짜 오랜만에 다시 방문한 만궁 민물장어였는데요 여전히 맛있었고 실하고 통통한 민물장어를 가득 먹을 수 있어 너무 좋았습니다 아주 맛있게 잘 먹고 왔습니다 또 가야 할 것 같은데요 50m  NAVER Corp 만궁민물장어 제주특별자치도 제주시 중앙로 4513 #만궁민물장어 #제주도민맛집 #제주아라동맛집 #제주민물장어맛집 #제주장어맛집 #몸보신맛집
제주 아라동 맛집 제주 로컬 맛집 가성비 좋은 패밀리 레스토랑,https://blog.naver.com/ioriwife2/223930120890,컬쳐드,제주 제주시 승천로 81 1층 컬쳐드,#제주아라동맛집#아라동맛집#컬쳐드#제주패밀리레스토랑#제주도패밀리레스토랑#제주아라동맛집추천#아라동맛집추천#아라동패밀리레스토랑#제주도아라동맛집#제주도아라동맛집추천#제주도아라동패밀리레스토랑#제주도파스타#제주파스타맛집#제주아라동파스타#제주도아라동파스타#아라동파스타#아라동파스타맛집#제주도샐러드맛집#제주아라동샐러드#제주도피자#제주도피자맛집#제주피자맛집#제주피자#제주아라동피자#제주아라동피자맛집#제주도가볼만한곳#제주공항인근맛집#제주양식#제주시맛집#제주로컬맛집,제주 아라동 맛집으로 컬쳐드라는 패밀리 레스토랑에 방문했어요 이곳은 가성비도 뛰어나고 맛도 있는 곳이었어요 특히 런치세트의 가격은 구성에 비해 상당히 저렴했어요 제주 아라동 맛집 답게 가격과 맛을 모두 잡은 곳이었어요 목차 매장명  컬쳐드 1 영업시간 2 위치 3 외관 내부 분위기 4 메뉴 5 주차 6 부대시설 7 이벤트 8 솔직후기 1 영업시간 매일 11002100 브레이크 타임 15001700 브레이크 타임 전 라스트 오더 1350 마감시간 전 라스트 오더 1950 2 위치 50m  NAVER Corp 컬쳐드 제주특별자치도 제주시 승천로 81 1층 컬쳐드 위치  제주특별자치도 제주시 승천로 81 1층 컬쳐드 네비를 치고 가니 골목 뒤쪽으로 안내해 주더라고요 입구는 대로변 앞쪽에 있었어요 3 외관 내부 분위기 1 외관 매장 외관은 깔끔한 나무 느낌이었어요 2 내부 분위기 제주 아라동 맛집 답게 내부에는 전반적인 패밀리 레스토랑 느낌이 났고 단체석도 있었어요 가족 연인 친구 등등 어떤 관계든 같이 가서 먹기에는 상당히 좋은 분위기였어요 4 메뉴 메뉴가 다양했는데 런치시간이 아니라 그런지 제가 갔을때 런치세트는 키오스크가 활성화 되지 않은 상태였어요 참고로 런치세트는 샐러드 파스타or라이스고르곤졸라피자디저트로 이루어져 있는데 38500원이었어요 참고로 고르곤졸라피자가 페스츄리로 되어 있어 정말 색다르고 맛있었어요 바삭하더라고요 5 주차 주차장은 따로 없었어요 주변 공영주차장을 이용하셔야 해요 바로 근처에 가까운 공영주차장이 있더라고요 대로변 말고 네비가 안내해주면 뒤쪽 골목으로 안내를 해주는데 뒤쪽 골목에 노란색 실선라인이 없어서 주차단속 대상은 아닌거 같더라고요 저희는 골목쪽에 주차 했었는데 은근 골목쪽에 주차할 곳이 많더라고요 6 부대시설 매장 내부에 아기의자가 있었어요 7 이벤트 1 네이버 리뷰이벤트가 있었어요 네이버 리뷰이벤트를 작성하면 바닐라 아이스크림이나 아포가토를 준다고 해요 2 결제금액에 5를 적립해 준다고 해요 결제할때 꼭 회원등록 하셔서 이용 하시는 것도 좋을 것 같아요 3 포장10할인 포장은 10 할인을 해주더라고요 입구 들어갈때부터 써있어서 포장도 참 괜찮겠다는 생각이 들었어요 8 솔직후기 제주도 여행가서 뭘 먹을까 정말 고민이 많았어요 맨날 먹은게 해물뚝배기 중국음식 등 먹었던 것만 또 먹게 되더라고요 그런데 제주도 사는 지인이 컬쳐드 이야기를 해주셨어요 제주 아라동 맛집이라면서 관광객이 아닌 현지인들이 자주 가는 곳이라고 했어요 이곳의 장점은 런치세트가 저렴하더라고요 배너를 봤는데 가성비 최고였어요 아쉽게도 비행기 시간이 안맞아서 런치세트를 주문하진 못했는데 막상 이것저것 주문해 보니 결국 런치세트 처럼 주문했더라고요 제주 아라동 맛집인 컬쳐드에서 가성비 있게 드시고 싶으시면 런치세트 좋을것 같아요 자리에는 패밀리 레스토랑에 걸맞는 물잔과 포크 숟가락이 있었어요 저희는 통식빵크림빠네 19000원 고르곤졸라 패스츄리 16000원 유자드레싱샐러드 14000원 total 49000원 주문을 하고 나니 음료를 안담은 거에요 음료가 무료더라고요 어쩐지 음료가 0원으로 표시되어 있어서 오류인줄 알았어요 나중에 다시 가서 여쭤보니 추가로 음료만 담으면 된다고 하더라고요 기다리고 있으니 음료먼저 가져다 주셨는데 저는 감귤쥬스 시켰거든요 날이 더워서 그런지 잔이 스댕이라 그런건지 정말 시원하고 넘넘 맛있었어요 감귤쥬스가 원래 이렇게 맛있었나 싶을 정도였어요 샐러드가 먼저 나왔는데 샐러드 양이 어마어마했어요 유자드레싱샐러드라 그런지 상큼하고 달콤했어요 피자랑 파스타랑 같이 먹기 최고더라고요 제주 아라동 맛집답게 샐러드 소스가 정말 맛있었어요 통식빵크림빠네는 통식빵으로 되어서 그런지 마지막 빵까지 먹기 편했어요 통식빵이 아닌 일반 빠네는 크림과 함께 누져지면서 질겨져서 자르기가 쉽지 않아서 거의 남기거든요 제주 아라동 맛집 컬쳐드 재생 0 좋아요 0 0015  제주 아라동 맛집 컬쳐드 그런데 통식빵으로 된 크림빠네는 식빵이라 그런지 전부 다 먹을 수 있었어요 마지막에 식빵을 크림에 찍어 먹으면 찌인한 크림맛이 느껴지면서 입안에 고소함이 가득하더라고요 저는 샐러드와 파스타도 정말 맛있었는데 고르곤졸라피자가 최고 오브 최고였어요 제가 지금까지 먹은 고르곤졸라는 얇은 도우에 피자치즈 조금 있는 그런거였거든요 그런데 제주 아라동 맛집 컬쳐드는 도우가 페스츄리로 되어 있는거에요 따뜻하고 정말 바삭바삭해서 입에서 바삭거림이 느껴질 정도였어요 그리고 얇은줄 알고 만만하게 봤다가 둘이 반판정도 먹었더니 순식간에 배가 차버리더라고요 근데도 끝까지 먹게 되더라고요 고르곤졸라를 주문할때 그렇게 큰 기대 없이 주문하고 기다렸는데 막상 먹으니 정말 이사람 저사람한테 컬쳐드 고르곤졸라는 무조건 먹으라고 이야기 하고 싶을 정도였어요 나갈때는 계산하는 카운터 근처에 입가심 할 것 도 있더라고요 들어 올땐 몰랐는데 나갈때 보니 대기 의자도 있었어요 저희는 브레이크 타임 끝나자 마자 방문 했었는데 와사람들이 생각보다 금방 차버리더라고요 제 생각엔 피크타임엔 대기가 있을수도 있겠다는 생각이 들었어요 제주도 여행때 음식이 맛있으니 여행까지 즐거워지더라고요 제주공항 하고도 가까워서 동선도 괜찮은 곳이었어요 제주 아라동 맛집 찾으시면 가성비 좋은 패밀리 레스토랑인 컬쳐드 강력하게 추천드려요 입까지 즐거운 여행 되실거예요
제주시 아라동 카페 맛집 정원이 있는 제주 빵집 플랜트 827 추천,https://blog.naver.com/ejsj1004/223811052571,PLANT827,제주 제주시 월평동 827,#플랜트827#제주시맛집#제주시아라동맛집#제주카페#제주빵집#제주가볼만한곳#제주여행#제주카페추천#제주시맛집추천#제주맛집추천#제주시아라동카페#제주족욕#제주시카페,제주시 아라동 카페 맛집 1만 7000평 정원이 있는 제주 빵집 추천 플랜트 827 카페 투어를 워낙에 좋아해서 제주에 놀러오면 제주 카페나 제주 빵집을 많이 찾아다니곤해요 그런데 이제야 처음 가본 플랜드827 솔직히 말해 기대 그 이상으로 너무 너무 좋았어서 제주시 아라동 카페로 찐추천해 드리려 합니다 아마 제가 방문했던 지난주보다 이제 날씨가 더 따뜻해지고 완연한 봄이 오면 카페지만 카페라고만 하기에 너무나 넓은 정원을 품은 이곳에서 충분한 힐링을 하시리라 믿어 의심치 않아요  카페 정원  위치  영업시간  주차  주차 카페 앞 주차장으로 올땐 월평동 848로 검색 월평꽃시장 주차장으로 올땐 월평동 827 월평꽃시장으로 검색 저흰 월평꽃시장으로 검색하여 주차하고 넓은 정원 산책하며 카페로 진입했는데 이 코스 추천드려요  영업시간 매일 9301830 50m  NAVER Corp PLANT827 제주특별자치도 제주시 월평동 827 자연in 내 카페 플랜트827 렌트카 네비마다 조금씩 다를 순 있겠지만 저희는 제주 빵집 플랜트 827을 검색했을때 월평동꽃시장 주차장을 알려줘서 그쪽에 주차를 하였거든요 나중에 알고보니 카페 바로 앞에 카페 주차장도 있긴 했어요 그런데 월평동꽃시장 주차장에서 카페까지 걸어가는 길이 정말 좋았어서 혹시 제주시 아라동 맛집 플랜트 827에 방문 하신다면 예쁜 동백꽃도 보고 푸르고 아름답게 잘 꾸며진 정원을 둘러 볼 수 있는 월평동꽃시장 주차장 주차를 추천드려보아요 제주 카페 플랜트827은 카페도 있지만 제주 족욕도 있고 선물샵도 있고 넓은 정원도 있는 정말 매력적인 곳이였습니다 예쁘다를 연발하며 1만 7천평의 정원 중 일부분을 걷다보니 어느새 카페가 짜란 나타났어요 잔디도 푸르러지고 나무도 푸릇한 연두빛이 되면 진짜 더 더 아름답겠더라고요 아직은 황량한 겨울 느낌이 남아있는데도 이렇게 이쁜데 봄에는 뭐 말이 필요없을 듯 카페 앞쪽에는 동물 먹이주기라는 이정표가 있어요 이정표를 따라가면 꺄 세상에나 아니 이렇게 구얍고 인형같이 예쁜 토끼들이 다글다글 엄청 많았어요 맨 아래 영상에도 첨부했지만 까망이랑 회색이들이 낳은 새끼 토끼들도 거의 78마리 함께 있었답니다 그야말로 깡총깡총 뛰어다니는데 힝 사랑스러워서 미쳐죽어요  그리고 카페 앞쪽에 또 있던 포토존으로도 좋은 그네랑 언덕에 만들어둔 왕따나무랑 벤치 노을 질 때 보니까 예술 그잡채였던 공간들이였습니다 내부 분위기 조금 늦게 도착해서 다 구경 못해 아쉬웠던 제주 아라동 카페 플랜트827 여유 되시는 분들은 일찍 오셔서 넓디 넓은 이 공간들 모두 잘 즐기시길 바래요  카페 내부도 박공지붕으로 천고가 높고 화이트톤과 플랜테리어 야외 정원까지 밸런스가 참 좋은 제주 빵집이였어요 카페 입구에는 MAP도 붙여져 있으니 이거 참고하셔도 좋을 것 같아요 주차장부터 야외 꽃시장 숲정원 가든 제주족욕 토끼동산 꽃가든 등등등 저희가 본건 정말 일부에 지나지 않더라고요 담에 또 꼭 다시 오리라 불끈 느즈막히 도착한 제주 아라동 맛집 플랜트827의 저녁 노을도 함께 했던 날    제주 빵집 맛집답게 저희 주문하고 맛나게 먹고 이야기하며 나갈때보니 빵이 거의 다 나가고 없었습니다 다들 일찍 오셔서 맛있는 빵이랑 음료와 함께 즐거운 제주 카페 투어가 되시길 커피도 맛있겠다 싶을 하이엔드 커피 머신인 라마르조꼬가 있었어요 비록 메뉴 주문은 이곳에서만 먹을 수 있는 시그니처 음료로 주문해서 커피 맛은 못 봤지만 그라인더와 머신만 봐도 맛있겠다 가늠할 수 있쥬  메뉴판  주문 메뉴 플랜트 라떼 7500원 제주 꽃차 7000원 부쉬드노엘 8500원 페이스트리 스트로베리7000원 창가자리가 마침 비어서 앉고 싶었던 자리로 착석 완 제주 도로를 운전하다보면 계속 눈에 띄는 가로수 귤나무와 토끼 동산이 보이는 자리 완전 좋앙 플랜트라떼는 논커피 음료에 only ice 랍니다 대신 얼음이 있는 아이스 음료는 아니고 차가운 정도였어요 저 커피 중독자인데 이거 메뉴명과 설명을 보고 너무 궁금해서 주문해 보았어요 직접 담근 백향과청과 고소한 우유가 만나서 요거트 느낌으로 변한다고 설명에 적혀있던데 정말 한입 마셔보면 농도감 찐하게 요거트 맛이 나며 상콤달콤 완전 색다르게 맛있더라고요  여행 메이트 동생이 주문한 목련꽃차는 따뜻한 물에 우러나니 노오란 색깔을 띄네요 제주에서 나고 자란 꽃을 수확한 원물 100의 향긋한 꽃향이 참 좋았던 제주 꽃차였습니다 제주 빵집답게 딸기 크로와상과 초코맛 찐한 촉촉한 부쉬드노엘은 주문한 음료와도 참 잘 어우러졌어요 비주얼도 맛도 만족스러워서 사진 찍는거 좋아하는 우리 신났습니다  총평 제주시 맛집 추천으로 맛있는 빵과 음료가 있는 1만 7천평의 정원부지까지 있는 제주 빵집 플랜트827은 사계절이 다 좋을 넓디 넓은 공간이였습니다 비록 시간 부족으로 이곳의 제주 족욕체험은 못 했지만 다음에 꼭 재방문해서 다른 계절의 제주시 아라동 맛집을 좀 더 살펴보고 싶단 생각이 가득했던 날이에요 가족 단위로 놀러오기에도 좋을 공간이라 아이들은 야외에서 토끼 동산 구경도 하고 소품샵 볼거리도 있고 즐거운 여행의 한 부분이 될 것 같아서 추천드립니다 제주시 아라동 카페 맛집 정원이 있는 제주 빵집 플랜트 827 추천 재생 39 좋아요 0 0033  접기펴기 제주시 아라동 카페 맛집 정원이 있는 제주 빵집 플랜트 827 추천
제주 아라동 맛집 그릴링해주는 화도 흑돼지,https://blog.naver.com/kimbomi007/223910365677,제주 화도 흑돼지,제주 제주시 승천로 53 제주 화도 흑돼지,,제주공항에 도착하자마자 허기를달래러 제주 아라동 맛집에 찾아갔어요 숯불구이로 구워주는 흑돼지집이었고 흑돼지 뿐만이 아니라 양념갈비도 함께 먹었는데요 또 메인메뉴와 어울리는 밑반찬까지 고급스러웠던 곳이라 알려드려고 합니다 50m  NAVER Corp 제주 화도 흑돼지 제주특별자치도 제주시 승천로 53 제주 화도 흑돼지 예약 주소  제주 제주시 승천로 53 제주 화도 흑돼지 영업시간  1400  2300 라스트오더 2200 전화번호  050714174491 화도 외관 그렇게 찾아간 화도는 검정색의 심플한 간판으로 이목을 끌었어요 옆에는 야자수로 길이 쫙 내어져 있었고 근처에는 공용주차장이 총 4곳이 있기에 편하게 주차했어요 그리고 제주산 양념갈비도 함께하는 숯불구이전문점이랍니다 영업시간은 오후 2시부터 23시까지라 점심이후에 늦은 식사하기에도 좋았어요 메뉴판 자리에 앉아 가져다주시는 메뉴판을 보며 고민없이 흑화도로 주문했어요 제주에 왔으면 꼭 먹어야 된다는 흑돼지를 오겹살 목살 이렇게 같이 먹을 수 있었답니다 흑화도세트 어느새 차려지는 메인메뉴는 곁들일 야채와 함께 나오더라고요 새송이버섯과 단호박 그리고 팽이버섯에 꽈리고추까지 푸짐하게 준비되었어요 그 외에 여러 반찬들도 훌륭했는데요 메인고기와 어울리는 깔끔한 찬으로 기름기를 잡아주며 소소도 여러가지가 있어 내 취향에 따라 골고루 찍어 먹을 수 있었어요 그 중에 깻잎은 특유의 향과 맛이 느껴져서 매력적이었어요 한겹씩 떼어 먹으며 고기와 곁들여 먹기에 최고였답니다 특히 파김치는 양념이 제대로 배어 있었는데요 매콤한맛으로 텁텁하지 않았고 고기없이 그냥 먹어도 맛있더라고요 그 외에도 파절임까지 골고루 나와 이것저것 곁들여 먹었어요 새콤달콤한 양념이 어쩜이리 매력적이던지 젓가락이 쉴틈없이 움직였어요 4인이상 주문하면 초벌 후 제공하며 23인인경우에는 바로 테이블에서 구워주세요 그리고 추가로 주문을 하면 끊기지 않게 초벌해서 가져다주니 융통성있는 과정이 마음에 들더라고요 무엇보다 제주 아라동 맛집에 특별한 멜장이 인기였어요 멜젓보다 비린내가 전혀 나지 않으면서 약간 강된장같은 맛을 가지고 있어 매력적이었어요 눈앞에서 익어가는 흑돼지를 보며 맛있는 냄새까지 올라왔어요 목살과 오겹살 두가지로 나눠져 서로다른 생김새에 기대감이 더해졌어요 목살은 비계부분을 얇게 썰어 슬라이스처럼 만들어놓는데요 남다른 손기술로 빠르게 익혀주시니 믿음직스러웠어요 특히 목살 슬라이스는 멜젓에 푹 담가먹으니 짭조롬했어요 멜젓이 비리지 않아 누구든 쉽게 먹을 수 있었고 끓이면서 먹는거라 한참 따뜻했어요 여기에 고추까지 얹어 먹으면 알싸함이 배가 되어 조화로웠어요 목살은 두툼하게 썰어놓은 만큼 육즙이 안에 꽉 채워져있었답니다 멜젓과는 비슷한듯 다른 매력이 있는 멜장도 야무지게 찍어 먹었답니다 이처럼 소스가 푸짐하게 내어지니 먹는 족족맛깔스러웠어요 이뿐만이 아니라 고추냉이는 살짝 얹어 먹으면 알싸함이 이어졌어요 입안가득 퍼져드는 감칠맛은 물론이고 어떤조합에도 굉장히 잘 어울러지더라고요 파김치까지 듬뿍 얹어 먹으면 쫄깃함에 예술이었어요 은근한 매운맛에 자꾸만 손이가게 되었으며 나오는 반찬 하나하나 취향저격이었어요 그뿐만이 아니라 밥하나를 추가해서 고기를 얹어 먹기도 했답니다 오겹살은 비계부위가 상당히 쫄깃하고 맛있었어요 양념갈비 다음에는 제주 아라동 맛집에 인기 있는 양념갈비를 시켜봤어요 다른곳은 흑돼지만 먹을 수 있는데 화도에서는 양념갈비도 취급하니 냉큼 추가해봤어요 양념갈비는 저희가 직접 구워먹는데 숯불의 화력이 좋아 금방 익더라고요 양념이 타지 않도록 빠르게 뒤집으며 한입에 먹기좋은 크기로 잘라주었어요 아까먹은 흑돼지와는 또 다른 맛에 눈이 뜨이더라고요 갈비는 좀더 부드러우면서 달달함이 더해졌고 숯불의 향내음이 겉과속까지 배어 있었어요 기다렸다는 듯이 야채쌈 하나를 손에 올려 고기를 야무지게 먹어봤어요 쌈안에 내가 좋아하는 궁합을 이것저것 담아 한입에 먹으며 포만감을 누렸어요 사이드메뉴로는 냉면을 주문했는데요 살얼음이 가득 들어가있어 개운했으며 오이가 채썰어있어 아삭했어요 특히 고기한점을 곁들여 먹으면 더 맛있더라고요 시원한 냉면의 냉기가 퍼져들며 여름철의 더위가 싹 날아갔어요 또 제주 아라동 맛집에는 어린아이와 함께 방문한다면 아기된장국과 김을 서비스로 주시더라고요 그래서 가족식사하기에도 좋은 곳이었고 식사하는 내내 대접받는 맛집이었답니다 총평 및 후기 기대를 잔뜩 하고 온 화도는 역시나 맛도 있고 서비스도 훌륭했어요 누구랑 같이 온대도 호불호가 갈리지 않을 찐 맛집이었으며 한끼 든든히 먹고 여행마지막날까지 생각나게 만드는 곳이었어요
제주 아라동 맛집 신상 고깃집 광육 내돈내산,https://blog.naver.com/did951212/223879963719,광육,제주 제주시 아연로 595,#제주아라동맛집#아라동고깃집#제주신상맛집#제주광육#광육뷔페,제주 아라동 맛집 신상 고깃집 광육 내돈내산 글 사진 제주양씨씨 최근 아라동에 새로생긴 광육 Sns에서도 많이 보이고 집이랑도 가까워서 어제 바로 다녀왔는데요 샐러드바도 있고 고기도 진짜 맛있었어요 오빠랑 둘이 푸파한 후기입니다 제주 아라동 신상 맛집 광육은 아라초등학교에서 차로 1분 거리에 위치해있구요 외관부터 으리으리했어요 그만큼 주차장이 정말 넓었구요 주차 스트레스 제로 광육은 샐러드바 정육식당을 합친 컨셉이었어요 인원별로 20000원을 내면 상차림 샐러드바를 무료로 이용할 수 있는 정육식당 들어가자마자 고급스러운 인테리어가 맞이해주고요 1 2층으로 실내규모가 어마어마했어요 1층엔 놀이방이 있어서 가족 단위 손님들이 좋을거 같았구요 놀이방도 진짜 깔끔해서 저도 방방이 뛰고 싶었을 정도   광육 이용방법 카운터에서 받은 번호표를 가지고 정육칸에 가서 원하는 고기를 정하면 되는데요 흑돼지 백돼지는 물론 특수부위까지 준비되어 있었어요 사이즈도 다양해서 인원별로 고르기 좋았구여 한우도 있었답니다 소고기 돼지고기는 모두 최고 등급으로 표기되어 있더라고요 한우도 합리적인 금액대 원하는 고기는 정육코너에서 직원분에게 가져다주시면 끝 저희는 근고기 목살로 선택했구요 정육식당이라 확실히 가격도 정말 저렴한 편이었답니다 샐러드바 제주 아라동 맛집의 샐러드바도 찐이었어요 따뜻한 요리 위주로 10가지 이상 준비되어 있더라고요 파스타 그라탕 떡볶이 등등 그 중에서도 돈가스랑 치킨이 진짜 맛있었어요 냉동의 맛이 아니라 겉바속촉 점심에 돈가스만 먹으러 오고 싶을 정도  소세지도 뽀득뽀득 식감좋은 스타일이었구요 프레시한 샐러드 종류 콜드 파스타도 많이 있었구요 드레싱도 다양해서 취향대로 먹을 수 있었답니다 쌈 종류도 많고 싱싱하더라고요 그리고 미나리랑 고사리도 셀프바에 있어서 고기랑 구워먹을 수 있었어요 꿀맛 반찬 소스 종류등도 있었구요 갓김치랑 우마이 쌈장이 특히 맛있더라고요 후식코너의 꽃은 아이스크림 초코분수는 아이들뿐만 아니라 30살이 넘은 저에게도 큰 행복을 주었답니다  정찬코스 샐러드 바를 제외한 제주 아라동 맛집 정찬코스도 알차게 잘 나왔어요 우선 매실 토마토 절임이랑 뜨끈한 죽으로 고급스럽게 시작  고기 찍어먹을 멜조림도 같이 나오구요 비린맛없이 잘 만드셨더라고요 들기름 막국수도 슴슴하니 꼬수운게 제 스타일이었어요 양념게장도 매콤한데 짜지 않아서 밥없이도 잘 들어갔어요 살도 많았구요 양파 당근 버섯 방울토마토 대파 등의 채소도 구워져서 나와요 고기랑 구워먹으면 짱맛 구성조차 고급스러웠던 아라동 맛집  1등급 돼지고기 육질 숯불에 구워먹는 돼지고기이니 실패는 전혀 없었구요 1등급답게 질도 정말 좋았답니다 불판이 커서 채소들 같이 구워먹기도 좋더라고요 먼저 익었다 싶은건 숯 옆으로 빼놔도 오래 뜨끈했어요 고사리랑 미나리는 가득 구워먹기 찍어먹을 소스도 다양해서 하나씩 찍어먹어보구요 개인적으로는 빨간쌈장이 짭조름하니 취향저격이었어요 물론 멜조림은 배신 안하죠  숯불에 구워먹는 육즙 가득 목살이라 어떻게 먹어도 달달하니 보장된 맛 정찬코스에 포함된 김치찌개로 마무리해주고요 건더기 레전드급으로 많이 들어있어요  최종 후식으로는 초코아이스크림 마시멜로 쿠키크럼블 스프링클 초코렛 이 조합 진짜 실패없으니까 꼭 요렇게 드셔보세여 오픈 이벤트인지 술도 3000원이라 진짜 주말에 친구들이랑 한번 더 부시러 오려고요 선착순 이벤트로 받은 귀여운 키링까지  예기치 못한 선물같아서 더 기분좋게 나올 수 있었답니다 저희는 2명 기준 7만원이 안나왔는데요 돼지고기에 샐러드바 찌개 막국수 등 모두 포함된 금액이라 정말 합리적으로 느껴지더라고요 요즘 흑돼지집가면 기본 육만원 넘는데 가격 부담되시는 분들은 제주 아라동 맛집 강력 추천드릴게요 #제주아라동맛집 #아라동고깃집 #제주신상맛집 #제주광육 #광육뷔페 50m  NAVER Corp 광육 제주특별자치도 제주시 아연로 595
제주 아라동 맛집 태국음식 다이카 내돈내산 후기,https://blog.naver.com/smcompany101/223895422645,다이카,제주 제주시 인다3길 22 1층,#제주아라동맛집#다이카#제주태국음식점#내돈내산,제주에 왔다고 회나 돼지고기만 먹을 수는 없지 요즈음 뜨는 동네에 핫플이 생겼다고 해서 예약하고 방문한 태국음식점 다이카 원래 다른 곳에 있었는데 조금 더 넓은 곳으로 이전했다고 한다 제주 아라동 맛집 다이카 맛은 어떨지 궁금 어서 들어가보자 다이카 주소 제주 제주시 인다3길 22 1층 영업시간 11302200 15001730 브레이크 타임 전화번호 050714862054 50m  NAVER Corp 다이카 제주특별자치도 제주시 인다3길 22 1층 예약 제주 아라동 맛집 다이카 태국음식점의 외관 바로 앞에 차가 몇대 주차할 수 있기는 하다 자리가 없다면 바로 옆이 공영주차장이라 주차 스트레스는 별로 없을 듯 주말 오전 기준 메뉴판이 엄청 크게 걸려있었다 세트메뉴가 인당 3만원이면 괜찮네 다이카는 무슨 뜻이지 몰랐는데 포스팅하며 찾아보니 태국어로 할수 있습니다라는 뜻이라고 한다 초긍정 레스토랑이다  가게 앞에도 메뉴판이 안내되어 있었다 런치 메뉴 디너 메뉴 대기가 있는 경우 기다리는 공간인듯 하다 오픈 시간에 딱 맞추어왔더니 아직 손님이 안계셨다 자리가 넉넉해서 원하는 자리 픽 인테리어도 뭔가 태국스럽고 가구들도 꽤 멋지다 우드톤의 인테리어가 참 마음에 든다 아 그리고 테이블마다 가방이나 짐을 보관할 수 있는 수납박스가 있어서 생각보다 편리했다 하지만 식사 후 꼭 챙겨야 한다  오른쪽이 주방이었고 왼쪽 안쪽으로는 화장실 이제부터 메뉴공부 제주 아라동 맛집 다이카의 대표메뉴는 시그니처 메뉴는 가운데에 다 적어놨네  하지만 우리는 딱히 코스메뉴를 먹진 않아도 되어서 너무 많이 먹으면 저녁때 제대로 못 먹음 코스메뉴에 나온 메뉴들을 하나씩 시켜보기로 했다 처음에 5가지를 골랐는데 이름이 어렵다보니 메뉴 중에 너무 탕이 많다고 하셔서 적절히 조정해주셨다 푸팟봉커리 29000원 시그니쳐 쏨땀 19000원 커뮤양 23000원 쉐프의 누들15000원 똠양과 카이다우15000원 일단 이렇게 주문 밑반찬으로 샐러드와 감자으깬 요리가 나왔다 저 돌처럼 생긴 접시는 정말 무겁 서빙하시는 분 괜찮으신가요 근데 이름은 모르지만 감자으깬 음식 담백하면서도 고소하고맛있다 주문한 쏨땀 첫 스타트로 좋은 음식 여러명이 와서 이것저것 나눠서 먹으니 좋다 제주 파파야로 만들었다니제주에서 파파야도 재배가 가능하구나 상큼한 맛이어서 본 음식 먹기 전에 입맛을 돋아주는 음식 아마도 쉐프의 누들이었던 것 같다 완자가 들어가있고 만두도 들어간 해장하기에 딱 좋은 이것도 담백하니 맛있었다 고수를 잘 못먹어서 고수는 따로 주세요 다음은 태국의 대표요리 똠얌꿍 원래 요리로 시키려고 했는데 태국식 계란후라이밥과 똠양국물을 같이 제공해주는 똠양과 카이다우라는 메뉴가 있어서 완전 좋음 똠얌을 살짝 맛볼 수 있어서 좋았다 사실 똠얌꿍은 보기엔 맛있어 보이지 않는데 먹어보면 생각보다 맛있다 현지맛과 비슷하면서도 호불호가 별로 없을 것 같이 한국인의 입맛에 잘 맞게 요리하신 듯 똠양과 같이 나온 계란후라이밥 특별한 맛은 없지만 똠양과 같이 먹기엔 괜찮은 조합 같음 고수 넣어서 먹고 싶으신 분은 알아서 추가 제주 아라동 맛집 태국음식점 다이카 재생 1 좋아요 0 0006  제주 아라동 맛집 태국음식점 다이카 다음은 기대했던 뿌팟봉커리 이것도 참보기엔 좀 이상하지만 먹어보면 정말 맛있음 껍질째 먹는데도 껍질이 별로 딱딱하지 않고 부드럽게 씹히는 식감이 예술이다 근데 이 튀김보다 더 맛있는 건 바닥에 깔린 커리 커리에 밥 비벼먹어도 맛있을 맛 이건 정말 강추입니다 다이카에 오시면 꼭 시켜보세요 2개 시키고 싶을 정도였다 접시에 남은 커리 국물 싹싹 긁어 먹음 다음은 커무양 이것도 숯불에 구워서 그런지 숯불향이 제법 진하게 올라왔다 퍽퍽하지도 않고 소스에 찍어먹으면 야들야들한 돼지고기맛 그런데 이 커무양은 태국의 느낌이 많이 나지는 않는 듯 우리나라에도 비슷하게 많이 먹어서 그런지 마지막은 팟 호라파 무쌉 태국음식점에 와서 볶음밥을 안먹으면 섭섭하지 역시 태국식 볶음밥은 건조하면서 씹히는 맛이 우리나라 볶음밥이랑은 결이 다르다 같이 나온 피쉬소스와 고추 하나 얹어서 먹으면 정말 현지에서 맛보는 볶음밥맛 마지막에는 서비스로 망고주스를 주신다 진짜 태국에 온 느낌  시원하게 한잔 마시면서 입가심이 제대로 마지막은 화장실 모습인데 음식점에서 화장실 청결도는 매우 중요함 근데 새로 인테리어를 해서 그런지 화장실도 너무 이쁘고 깔끔하다 칭찬해 먹은 음식 모두 다 맛있고 마치 태국에 온 듯 현지 느낌의 태국음식을 이렇게 제주도에서 먹을 수 있어서 행복했다 사장님이 원래 서울 서초동에서 운영하셨다고 했는데 이렇게 제주에서도 오픈하시다니 대단 테이블 간격도 엄청 넉넉한 편이고 인테리어도 이쁘면서도 간결하고 서빙해주시는 분들도 친절하고 이번에 먹어보지 못했던 메뉴들도 다음번에 방문해서 다 먹어보고 싶을 정도 제주 시내에 계신다면 제주 아라동 맛집 다이카 한번 방문해보세요 이만 태국음식점 다이카 내돈내산 후기 마칩니다 #제주아라동맛집 #다이카 #제주태국음식점 #내돈내산
제주 정육식당 모임장소 추천 아라동 맛집 광육 샐러드바 무제한,https://blog.naver.com/andlstjs/223897030312,광육,제주 제주시 아연로 595,,지난 주말 오랜만에 친구들과 모임이 있어서 이른 저녁 겸 식사를 즐겼답니다 아라동에 새로 생긴 제주 정육식당이었는데 오픈한지 얼마 안되서 그런지 깔끔 그 자체였네요 거품을 뺀 가격으로 고기를 즐길 수 있고 샐러드바까지 있어서 더할 나위 없는 곳이었어요 50m  NAVER Corp 광육 제주특별자치도 제주시 아연로 595 광육 주소  제주 제주시 아연로 595 영업시간  1700  2200  라스트오더 2000 전화번호  050714542778 주차장  가게 앞 전용 주차장 저희가 배불리 식사를 즐긴 곳은 광육으로 동문시장에서 차로 15분 거리였어요 주차장이 딸린 커다란 단독 건물이었는데 차로 지나가면서도 볼 수 있을 만큼 규모가 컸죠 입장과 동시에 테이블마다 번호표를 나눠주시는데요 알고보니 정육 코너에서 고른 고기의 바코드를 찍기 위한 넘버였어요 부위별로 돼지고기 소고기도 다양하게 준비되어 있어 골라먹는 재미가 있었네요 돼지고기는 따로 워터에이징 숙성까지 거쳐서 육질이 부드럽다고 해요 가격만 저렴하겠거니 했는데 퀄리티까지 고급이었던 제주 정육식당이었답니다 매장은 1 2층으로 되어 있었는데 한 층만 하더라도 엄청 넓더라고요 저희처럼 제주 모임장소를 찾는 단체분들께 안성맞춤인 식당이었어요 가족 단위로 오기에도 제격이었던 게 따로 놀이방이 마련되어 있었답니다 1층 제일 안쪽에 자리하고 있었고 안전하게 놀 수 있게 시설이 잘 갖춰져 있었죠 구경을 어느정도 마치고 저희는 자리에 착석했어요 밑반찬과 코스 요리들이 나오기 시작하는데 기본찬부터 정갈하니 마음에 들었네요 에피타이저로 죽과 토마토 샐러드도 내어주셨는데요 속을 따끈하게 달래주고 입가심으로도 탁월해서 남김 없이 비워냈답니다 속이 꽉 찬 게장도 제주 정육식당 코스에 포함이라 혜자스럽더라고요 양념이 매콤달달하니 중독성 넘쳤고 껍질도 연한 편이라 오독오독 씹기 편했어요 고기와 함께 구워 먹을 야채도 초벌되어 나온답니다 추가로 주문할 일 없이 음식들이 각양각색으로 나와서 제주 모임장소로 딱이던걸요 귀차니즘을 위해 소고기와 돼지고기가 함께 담긴 접시도 있더군요 등급이 좋은 원육을 사용해서 그런지 두 가지 모두 마블링이 밸런스 있게 잡혀 있었죠 숯불이 달궈지고 고기를 올려줬는데 영롱한 소리가 울려퍼졌어요 게다가 그릴드 야채 뿐만 아니라 샐러드바에 고사리와 미나리도 있어 더욱 다채로웠네요 소고기는 신선해서 겉만 살짝 익히면 바로 먹을 수 있었답니다 구워지는 동안 불향이 은은하게 입혀져서 코 끝을 자극하는데 군침이 꿀꺽 삼켜지더군요 육즙이 그대로 보존되어 있어서 딱 봐도 촉촉해 보였죠 한우라 잡내도 아예 안나고 살결도 보드라워서 제주 정육식당의 클라스를 알 수 있었어요 흑돼지도 상태가 최상급이었는데요 두께도 적당히 도톰하고 살도 꼬들꼬들해서 익기도 전부터 구미가 당겼네요 불판이 큼지막해서 한꺼번에 많이 올릴 수 있더라고요 여럿이 와서 와장창 구울 수 있으니 제주 모임장소로 적격인 장소였답니다 샐러드바도 무제한으로 이용이 가능해서 가성비가 좋았어요 아이들이 좋아하는 치킨 돈가스부터 파스타 떡볶이 등 뷔페 못지 않은 구성이었죠 식욕을 확 돋워줄 샐러드도 무려 8가지로 준비되어 있더군요 뿌려먹을 드레싱도 다양해서 나만의 샐러드를 만들어 먹을 수 있었답니다 김치류와 소스도 셀프로 추가해서 먹을 수 있더라고요 소스가 다양해서 마음에 들었는데 그 중에서도 제주 정육식당의 곤짠지 소스가 취저였어요 후식 코너에는 후식 차와 아이스크림 초코분수가 있었는데요 아이들이 없어서 저희는 향긋한 녹차를 즐기기로 하고 챙겨서 자리로 왔답니다 고기 없이 샐러드바만 이용해도 배 터지게 즐길 수 있겠던걸요 완제품을 데워서 내놓는 느낌이 아니라 수제로 만든 맛이라 더욱 만족스러웠네요 미네랄 소금을 곁들인 소고기는 입에서 살살 녹더라고요 별다른 반찬 없이도 모자람이 없을 정도로 풍미가 진하게 퍼졌답니다 돼지고기에는 봄내음 물씬 나는 미나리를 어울려봤어요 씹으면 씹을수록 향긋함이 극대화되니 미소가 자동으로 번지는 거 있죠 구수한 멜조림과 먹어도 환상적인 궁합이더군요 비리지 않고 살짝 매콤해서 강된장 느낌이 더욱 강하달까요 누구나 호불호 없이 먹을 수 있는 정도였어요 비빔 메밀국수는 중간에 리프레쉬해주기 딱인 사이드였답니다 화룡점정으로 고기까지 한조각 척 얹어주면 몇 젓가락 만에 금세 바닥을 드러내죠 고기가 듬뿍 들어간 된장찌개는 은근 칼칼해서 느근한 속을 확 풀어주더라고요 제주 정육식당은 첫인상부터 제 스타일이더니 마지막까지 실망시키는 법이 없었어요 단란하게 가족끼리 와보기도 좋고 단체로 오기도 딱이라 여러분께도 강력추천드립니다 제주 정육식당 모임장소 추천 아라동 맛집 광육 샐러드바 무제한 재생 3 좋아요 0 0037  제주 정육식당 모임장소 추천 아라동 맛집 광육 샐러드바 무제한
제주 아라동 맛집 추천 신상 고깃집 광육,https://blog.naver.com/sin961027/223882227210,광육,제주 제주시 아연로 595,,제주 아라동 맛집 추천 신상 고깃집 광육 제주 아라동 맛집 추천 신상 고깃집 광육 제주 아라동 맛집 추천 신상 제주 고깃집 광육 글  사진 YOOM 얼마 전 아이 학교에서 가까운 곳에 위치한 제주 아라동 맛집에 다녀왔어요 신상 제주 고깃집으로 정육식당처럼 운영되지만 조금 더 고급스러운 분위기 속에서 식사 할 수 있어 찐으로 만족했답니다 이곳은 제주도 공항에서 멀지 않은 곳에 있어 제주도 여행 첫날 혹은 마지막날 코스로 다녀오기 좋았어요 1 광육 기본정보 주소  제주 제주시 아연로 595 운영시간  매일 17시  22시 라스트오더 20시 브레이크타임 및 휴무일 없음 전화문의 및 예약 0507 1454 2778 전용 주차장 있음 편의  후식 커피 제공 1층 놀이방 완비 광육 제주특별자치도 제주시 아연로 595 2 위치 및 주차 외관분위기 제주 아라동 맛집 광육은 아라동에 위치한 곳으로 아라초등학교 바로 근처에 있는 제주 고깃집이었어요 제주도내에서는 꽤 큰 사거리에서 살짝만 안으로 들어오면 찾을 수 있어 위치적인 조건이 굉장히 좋았으며 근사한 외관이 돋보이는 건물 앞으로 따로 전용 주차장이 마련되어있어 주차 공간 걱정 없이 수월하게 주차 가능했어요 3 내부 분위기 총 2층으로 된 건물 모두를 식당으로 사용하는 곳으로 안으로 들어가자마자 보이는 고급스러운 내부 인테리어에 솔직히 깜짝 놀랐어요 새로 오픈한 프리미엄 정육식당이라 어느 정도 쾌적할거라는건 예상했지만 이렇게 고급 레스토랑 느낌인줄은 앞으로 우리 가족 외식은 여기서 해야겠다 결심하게 된 순간이기도 했답니다 전체적으로 탁 트였다 라는 말이 딱 어울릴 정도로 굉장히 넓었으며 내부가 상당히 깔끔했어요 입구에서 인원수를 말씀 드린 뒤 바로 옆에 있는 정육점에서 고기를 고른 뒤 가면되는데요 고기가 하나같이 신선해서 소고기 돼지고기 모두 마음에 들더라고요 그래서 우리는 돼지고기와 소고기모두를 선택했답니다 2층으로 올라가니 오픈런 했는데도 손님이 꽤 있을 정도로 벌써부터 많은 분들의 인기를 얻고 있었어요 각 테이블 마다 태블릿이 설치되어있어 추가 메뉴 주문이 편리했으며 화구 환풍구 모두 깔끔한 모습이 돋보였어요 일회용 앞치마는 물론 유아의자까지 완비되어있어 가족단위 식사하기 좋았고 최소 12에서 18명까지 들어가는 단체 룸도 마련되어있어 모임으로 방문하기에도 딱 미리 예약을 하고 방문했더니 직원분이 우리 자리로 안내를 해주셨는데요 미리 제 이름과 함께 예약석이 표시되어있어 뭔가 대접받는 기분이 들어 첫 시작부터 느낌이 좋더라고요 4 메뉴 먼저 고기를 사고 흔히 정육식당에서 하는 상차림비 대신 셀프바를 이용하는 방식으로 운영되고 있었어요 고기가격은 살짝 그때그때 변동되지만 시그니처 셀프바는 초등 13900원 성인 2만원이었어요 그저 그런 셀프바가 아닌 어린이 어른 모두 좋아할만한 메뉴로 셀프바 10종 별미요리 3종 식사류 5종 기본요리 14종의 모둠 정찬 코스가 제공되어 정말 푸짐한 식사가 가능했답니다 주문메뉴  한우모듬 돼지모듬 셀러드바 초등1 어른1 음료 5 셀프바 제주 아라동 맛집의 셀프바는 지금까지 겪어본 수 많은 제주 고깃집과는 차원이 달랐어요 신선한 쌈채소는 물론 고기와 곁들이기 좋은 각종 소스가 충분히 여러가지로 제공되었구요 절임류 김치류도 엄청 많더라고요 여기서 끝이 아니죠 샐러드 돈까스 치킨 두부그라탕 까르보나라 떡볶이 파스타 튀김류 감자튀김 아이스크림 초코퐁당까지 아이들이 좋아할만한 메뉴도 가득 준비되어있더라고요 그냥 준비되어있어요 정도가 아니라 정말 깔끔하고 맛깔스러운 비주얼로 왠만한 뷔페 저리가라 할만큼 맛있게 제공되어 저희 아이도 여러번 리필해서 먹었답니다 제주 아라동 맛집 추천 신상 고깃집 광육 재생 141 좋아요 1 0035  접기펴기 제주 아라동 맛집 추천 신상 고깃집 광육 셀프바 전체 영상 담아왔으니 참고해주세요 6 기본 상차림 자리에 착석하고 얼마지나지 않아 숯불이 들어오고 기본 밑반찬들이 내어졌어요 불판이 달궈지는 동안 셀프바에서 음식을 떠오니 정말 한상 가득이라는 말이 찰떡이었죠 솔직히 뷔페식으로 음식을 떠오다 보니 기본찬이 별거 안나올 줄 알았는데 하나의 요리처럼 비주얼이 예쁜 짭조름하고 쫄깃한 버섯야채볶음과 신선한 게살과 양념맛이 너무도 잘어울리던 양념게장까지 나와 깜짝 놀랐어요 그 외에도 매콤 새콤한 배추김치 새콤달콤 겉절이 매콤달달한 무말랭이 알싸한 갓김치 고소한 들깨소스가 듬뿍 올려진 무채 단짠 브로콜리 볶음 등 정말 여러가지 반찬이 제공되었답니다 더욱 놀라운건 에피타이저로 먹기 좋은 전복죽 물김치 토마토가 나왔는데요 입맛을 돋구워주기에 충분할 정도로 맛있었어요 거기에다 셀프바에 놓여진 요리 모두 맛있었는데 특히 두부그라탕과 채즙이 상당하던 버섯볶음이 맛있어서 여러번 리필해 먹었지요 7 제주 아라동 맛집 고기 맛보기 이 모든 반찬 메뉴들이 맛있다 하더라도 메인메뉴에 속하는 고기 육질이 별로면 안되겠죠 먼저 모둠 돼지고기를 잘 달궈진 불판위에 올렸어요 화력 좋은 숯불이라 그런지 올리자 마자 치이익 리드미컬한 소리를 내며 익어 갔는데 고소한 육향이 너무 좋더라고요 이때 감칠맛이 상당한 제주식 별미 멜젓도 같이 불판위에 올려준뒤 보글보글 끓여 고기를 찍어먹으면되는데요 일반적인 멜젓이 아니라 고추장이 들어가 더 맛있더라고요 제주 고깃집 광육은 정육식당이라 그릴링 서비스가 제공되는건 아니라 제가 직접 구웠는데도 워낙 낙고기 육질이 좋고 화력이 좋다보니 금방 구워져서 맛있더라고요 목살은 육즙 팡터지는 부드러운 맛이 느껴졌으며 삼겹살은 쫀득했어요 특히 삼겹살은 제공해주신 멜젓에 푹 찍어 먹으면 매콤하니 환상의 조합이었죠 그 뒤로는 불판을 한번 바꾼 뒤 한우모듬도 구웠어요 화력이 좋아 소고기는 더 금방 익었는데요 와 진짜 엄마가 구운거 맞아 하고 아이가 놀랄만큼 부드럽고 맛있더라고요 고기는 제공해주신 소금 쌈장 와사비 등의 소스류에 콕찍어 먹어도 맛있고 쌈채소에 갖은 반찬 절임류 김치 등 올려 함께 먹어도 꿀맛 맛도리 먹방 여행 갈 필요 있나요 이렇게 우리집 근처에 맛있는 식당이 있는데 말이죠 고기 윤기가 촤르르 흐르는 것이 확실히 좋은 고기를 써서 그런지 장난 아니더라는 구운파 버섯과 함께 먹어도 꿀맛 이때 태블릿으로 후식 냉면 김치찌개도 주문 가능 했는데요 이것 조차도 무료라 와 가성비 진짜 좋다 라는 말이 절로 나왔답니다 8 총평 제주 아라동 맛집으로 가족식사 연인과의 데이트 친구와 모임 직장 회식 어디갈까 고민 중이시라면 제가 오늘 소개드린 신상 제주 고깃집 광육 어떠세요 선도 높은 싱싱한 고기를 좋은 가격에 먹을 수 있으며 다양한 밑반찬이 제공되어 더욱 좋았던 곳으로 자신있게 추천드려봅니다
한라산둘레길 1구간 천아숲길 제주 아라동맛집 서서방숯불닭갈비,https://blog.naver.com/jhb916/223685258903,한라산둘레길1구간(천아숲길),제주 제주시 애월읍 광령리 산183-2,#한라산둘레길#한라산둘레길1구간#제주천아숲길#천아숲길#제주라아동맛집#서서방숯불닭갈비,5km  NAVER Corp 한라산둘레길1구간천아숲길 제주특별자치도 제주시 애월읍 광령리 산1832 서서방숯불닭갈비 제주 아라점 제주특별자치도 제주시 아란7길 33 1층 103호 서서방숯불닭갈비 아라점 예약 늦가을 단풍구경 하러 향한 곳 한라산둘레길 1구간 천아숲길 저녁 먹으러 제주 아라동맛집 서서방숯불닭갈비 이용후기 버스정류장에서 내려 한참을 걸어서 이동했습니다 차선이 1개라서 오가는 차들이 많아 앞뒤로 쌩쌩달려서 뒤를 여러번 뒤돌아 보고 했네요 정말 무섭게 질주합니다 한라산둘레길은 총 9구간이 있는데 전부 색다른 매력이 있는 곳이지만 천아숲길 방향은 가을철에 가보세요 코스 설명 한라산둘레길 1구간 제주 천아숲길은 총 87km의 거리를 4시간 걸어야 통과할 수 있습니다 한라산 능선을 따라 천아오름을 지나 노로오름 오르막길로 걸어 올라가야하고요 노로오름삼거리는 경사가 있는 오르막길이라 걸어올라가기 힘들어요 보림농장 삼거리까지는 가셔야지만 마음이 조금 놓입니다 이후 부터는 내리막길과 평지로 되어 있고 이때 부터는 편안하게 걸을 수 있습니다 천아숲길로 내려가는 길 임시주차장에서 걸어서 10분 이동하면 내리막길로 걸어내려갈 수 있습니다 단풍이 물드는 11월 절정에는 차량 진입 통제 되므로 참고하세요 1구간 천아숲길 87km 거리로 알고 계시지만 실제로는 거리가 상당히 긴편에 속합니다 어승생제 2수원지 출발시 영실입구 버스정거장 까지의 거리 43km 더하면 총 13km를 걸어야 하므로 차 타고오신 분들은 18암반입구에서 콜택시를 불러서 주차한 곳으로 되돌아가시거나 또는 그냥 240번 시외버스를 이용하는 방법이 있으니 참고하세요 참고로 여기 콜택시 잘 안잡혀요 걸어 내려오면 천아계곡을 지나야 하는데 탐방로의 크고 작은 바위와 돌들을 지나서 숲길로 걸어가야 합니다 돌이 맨들맨들해서 미끄러워 넘어질 수 있으니 조심하세요 10분간 밧줄잡고 올라가야 합니다 가파른 길이라 10걸을 올라가고 숨돌리고 하기를 반복해서 걸어 올라왔더니 정상 이네요 산아래 내려다 보이는 풍경이 나무와 잡목 사이로 가려져서 잘 보이질 않습니다 탐방로 숲길을 따라 한참을 걸어가면 쉬어갈만한 벤치가 없어요 그래서 길 가다가 건천 계곡 돌위에 앉아 물마시거나 싸가지고온 간식을 먹었습니다 혼자 산행은 피하시고 여기가 맷돼지 출몰구역이라 야생동물도 만날 수 있으니 조심하세요 그렇게 하루 일정을 마무리 하고 나서 저녁 먹으러 우리가 방문한 곳은 제주 아라동맛집 서서방숯불닭갈비 입니다 집으로 돌아가는 길목에 위치해 있어서 쉽게 찾아올 수 있었네요 아라동 주민센터 가는길 방향 먹자골목길에 있거든요 주차장에 주차후 바로 식당으로 들어갔습니다 식당 이용정보 주소  제주시 아란7길 33 1층 103호 영업시간  오전 10시 30분  오후 11시 정기휴무  매주 월요일 문의전화  050714017745 인근 공영주차장을 이용하세요 한참 산행을 하고 나서 배가 많이 고팠어요 셀프바에는 기본 반찬외 쌈채소 등이 구비되어 있으니 가져다가 먹을 수 있고요 처음 오신 분들을 위한 닭갈비 맛있게 먹는 방법을 참고 하시길 바랍니다 모자반으로 닭고기를 저온숙성한 서서방숯불닭갈비의 대표작 닭갈비는 앞뒤로 지글지글 구워 먹는 방법 이대로 따라 하면 되니 너무 쉬운거 있죠 예능프로에 녹화 촬영된 장면외 촬영 종료 후 연예인들이랑 사진촬영한 장면이 벽면에 부착되어 있습니다 맛집 인증서라고 해도 될만하네요 식당으로 들어가는 길 본점이랑은 조금 다른 분위기가 감돕니다 매장이 더 넓은것 같아요 저녁시간이라 이미 자리를 잡고 식사하는 분들도 보이고 가족단위로 오시는 분들이 많아서 그만큼 활기차고 생동감이 넘치는것만 같습니다 한라산둘레길 1구간 천아숲길 제주 아라동맛집 서서방숯불닭갈비 재생 1 좋아요 0 0021  접기펴기 한라산둘레길 1구간 천아숲길 제주 아라동맛집 서서방숯불닭갈비 음식에 관한 스토리텔링을 들을 수 있었고요 여기 사장님이 장모님에 대한 애틋한 사랑이 담긴것 같습니다 기본 상차림은 소박해 보여도 부족한 밑반찬은 셀프바에 구비되어 있으니 가져다가 먹으면 됩니다 소스는 3가지 제공 제주 아라동맛집에서 주문한 올레모듬 2인3인 750g 49000원 입니다 소금 양념 간장 3가지 맛을 골고루 맛볼 수 있는데 닭다리살만을 사용해서 퍽퍽함 없이 부드럽게 먹을 수 있었어요 초벌구이되어 나온 닭고기 보세요 스멀스멀한 맛있는 냄새가 풍겨옵니다 벌집모양 석쇠에 직원분이 고기를 올려 구워주시는데요 고기굽는 냄새는 언제 맡아도 즐거워요 앉아 기다리는동안 숯불의 화력이 전해져 오는것만 같았고 마침 몸이 많이 추웠는데 열기로 인해 몸이 따뜻하게 데워지는것 같았습니다 제가 또 양배추샐러드 매니아라서 2번 가져다 먹었네요 고기 굽는 동안 사이드 음식으로 먹었더니 드래싱 소스 맛이 입맛을 살려주네요 구수한 된장찌개를 먹고나니까 밥한공기 주문해서 먹으면 좋을것 같더라고요 초벌구이되어 나오기 때문에 고기는 금방 구워집니다 불판 가장자리에 올려 줘서 계속 줍줍 집어 먹었네요 고기의 육즙이 입안에서 터질때마다 고소한 맛이 감돌았고 불판 위에서 고기가 지글지글 익는 소리 그에 맞춰 손이 저절로 움직이는데 고기를 집어 먹을때마다 감탄사가 절로나오더라고요 네글자로 줄여 보면 맛있네요 처음에는 그냥 먹어도 보고 저의 개인 취향은 소금구이 입니다 옥수수콘치즈에 찍어 먹는 맛도 별미 아이들이 더 좋아할것만 같은 조합이네요 부추올려 깻잎쌈싸서 먹어보고 지인이 좋아하는 눈치라 저녁에 데리고 오길 잘했네요 다른 곳이랑 다르게 여기는 닭고기에서 느껴지는 냄새가 덜하거든요 육질도 부드럽고 흉내내기 힘든 그런 맛입니다
제주 아라동 맛집 숙성 흑돼지 정육식당 코리아참숯불정육식당,https://blog.naver.com/pigprincessofpigland/223794840051,코리아참숯불정육식당,제주 제주시 아란서길 79,#제주정육식당#제주아라동맛집#도민맛집#제주도민맛집#제주흑돼지맛집#제주대맛집#코리아참숯불정육식당#제주코리아참술붗정육식당#제주아라동흑돼지#제주시흑돼지#제주시흑돼지맛집,제주시 아라동에 위치한 제주 아라동 맛집 제주 흑돼지 맛집 코리아참숯불정육식당에 방문하였다 이곳은 제주 아라동 지역에서 최고급 참 숯불만 사용한다고 하며 제주 도민 맛집으로 유명한 곳 제주 아라동 맛집 코리아 참숯불정육식당은 골목길에 위치해 있으며 바로 앞 주차장이 2자리 있었으며 옆에 넓은 무료 주차장이 있었다 매장은 꽤 넓은 편이며 테이블도 많았다 단체로 앉을 수 있는 테이블도 있어 단체 회식도 가능할 듯 아기의자도 따로 준비되어 있었다 방문 당시 평일 6시 30분 사진 찍을 당시에는 사람이 많이 없었지만 식사를 마친 후 나갈 때는 사람이 꽤 많았다 다 먹고 나갈 때 후식으로 먹을 수 있는 커피와 사탕도 준비되어 있고 고객 감사 쿠폰 서비스도 있었다 제주 아라동 맛집 코리아참숯불정육식당 메뉴 Next image 흑돼지뿐만 아니라 백돼지도 따로 있으며 고기는 무려 720시간 한 달 동안 저온 숙성된 고기이다 나와 일행은 숙성 백돼지 600g과 국산 김치찌개 김치말이 국수를 주문하였다 무려 720시간 한 달 동안 숙성되어 가고 있는 고기들 식재료의 원산지도 표시되어 있어 안심하고 먹을 수 있다 나는 예약을 하고 방문하여 자리가 미리 세팅되어 있었다 고사리와 대파 김치 백김치 파채 콩나물 멜 젓 등 다양한 기본 반찬들 부족한 반찬들은 눈치 안 보고 원하는 만큼 떠다 먹으면 된다 그리고 청국장과 계란찜도 기본으로 나옴 내가 좋아하는 보글보글 청국장 나는 코가 막혀서 몰랐는데 일행은 매장에 들어오자마자 구수한 청국장 냄새가 났다고 함 숙성 백돼지 600g 54000 두둥 그리고 나온 고기 고기가 굉장히 도톰 원래는 초벌 해서 나오는데 초벌 하기 전 비주얼을 먼저 보여주셨다 초벌 한 먹음직스러워 보이는 숙성 백돼지 껍데기도 함께 나오며 양이 꽤 많아 보여서 놀랐다 나는 사진을 찍으니 고기를 굽는 건 일행 담당 비교적 살코기가 많은 부분인 목살은 80 정도 익혀 먹고 비교적 지방이 많은 부분인 오겹살은 90 정도 익혀 먹는 것이 맛있다면서 굽기 정도를 추천해 주셨다 고기를 다 썰어주시고 가셔서 우리가 직접 고기를 썰지 않아도 돼서 편했다 뒤집고 굽기만 하면 됐다 초벌 해서 그런지 꽤 빨리 익는 것 같은 느낌 고사리 구워 먹는 것도 맛나고 콩나물 구워 먹는 것도 맛나고 대파 김치도 맛있었다 기본 반찬들이 다양해서 다양한 조합들로 맛볼 수 있었다 청국장도 진하고 구수하니 맛남 쫄깃쫄깃한 껍데기까지 국산 김치찌개와 김치말이국수 김치찌개는 맑은 국물에 고기와 두부 김치가 들어가 있었다 칼칼하니 소주 안주로도 좋고 든든한 식사로도 좋음 김치말이 국수는 양도 꽤 많았고 시원하고 맛있었다 내 입안에 기름을 깔끔하게 씻어주는 느낌이라 다시 식사를 시작할 수 있을 것 같은 그런 느낌 직원분께서 중간중간 살펴보면서 따로 요청하지 않아도 직접 판도 닦아주시고 멜젓도 리필해 주시고 친절하게 응대해 주셨다 고기 양도 꽤 많은 편이고 두툼해서 든든하게 먹을 수 있었다 제주 아라동 맛집 코리아참숯불정육식당 제주 아라동에 있는 도민 맛집 흑돼지 정육 식당 최고급 참 숯불을 사용하여 더 맛있는 흑돼지 숙성 고기를 맛볼 수 있는 곳 직원분들도 친절하여 기분 좋게 식사할 수 있는 곳 주문메뉴 제주 백돼지 숙성 근고기600g 김치찌개 김치말이국수 #협찬#코라아참숯불정육식당#제주코리아참숯불정육식당#제주아라동맛집#제주도민맛집#도민맛집#제주흑돼지맛집#제주대맛집#제주정육식당 mblognavercom 먹보공주 평 주차하기도 쉽고 회식장소로 좋은 곳 720시간 한 달 동안 저온숙성한 제주돼지를 맛볼 수 있는 곳 다양한 반찬과 친절한 서비스로 든든하고 기분 좋게 식사할 수 있는 곳 코리아참숯불정육식당 제주 제주시 아란서길 79 영업시간 매일 1600  2230 0647562096 50m  NAVER Corp 코리아참숯불정육식당 제주특별자치도 제주시 아란서길 79
제주도 이자카야 제주 아라동 별밤참치 맛집 데이트 ,https://blog.naver.com/velyworld/223867012204,별밤참치,제주 제주시 아란7길 8 1층,#제주도이자카야#제주아라동맛집#아라동맛집#제주맛집#제주여행#국내여행#별밤참치#제주별밤참치,며칠 전부터 참치 먹고 싶다고 노랠 부르던 오빠우리 동네엔 참치 맛집이 없어 어디로 가지 고민만하다 제주 아라동 맛집 제주도 이자카야 맛집 별밤참치에 다녀오게 됐다 스끼다시 메인 참치 사이드 메뉴 무엇하나 부족한 게 없던 찐 맛집 바로 어제 다녀온 따끈한 후기 시작해본다 별밤참치는 이름에 걸맞게 참치를 메인으로 하고 있고 그 외 육사시미 육회 안주 국물 요리 등 다양한 요리를 판매중이다 Next image 우린 성인 두 명이서 방문했고 두리고급참치1  차돌숙주볶음1로 초이스 메뉴 기다리는 동안 내부를 찍고 싶었는데 예약 좌석 한 곳 빼고는 빈자리가 1도 없더라 가득찬 테이블들만 봐도 맛집의 향기가 느껴졌던 것 같다 먼저 차려진 기본 찬들 메인 메뉴 배 부르게 먹으려고 자제하며 먹었는데 너무 맛있자냐두부 김치 메인 메뉴로 사먹어도 좋을 것 같았고 미역국은 고기가 듬뿍 들어가있어 작은 찬 하나에도 신경을 많이 쓰는 제주도 이자카야 맛집이구나 싶었다 손님이 정말 많았어서 메인 메뉴는 좀 늦게 나올 줄 알았는데 백김치 단무지 샐러드 양념장과 함께 꽤나 빠르게 차려졌다 다시 봐두 참치 떼깔 미췄서최근에 오빠가 참치를 너무 먹고 싶어해서 인터넷 주문까지 알아봤는데 제주는 배송이 안 되던  그리고 주문하면 한 부위 덩어리가 오게 된다고 봤는데 이자카야에서 먹으니 싱싱한 참치를 부위별로 다양하게 먹을 수 있어 좋았다  참치는 참기름 장에 먹어도 맛있고 간장에 먹어도 맛있고무아지경으로 먹고 있는데 차돌숙주볶음이 산더미처럼 가득 담겨 도착했다 동글동글 귀여운 초밥용 밥도 플레이팅도 어쩜 이리 예쁘게 해주시는지 싱싱한 참치는 새순이랑만 먹어도 맛있고 초밥으로 만들어 먹어도 맛있고내가 와사비를 전혀 못 먹어서 느끼할까 봐 처음엔 덜 느끼한 부위 위주로만 먹었는데 뱃살도 완전 완전 맛있는 것이었음 사알짝 아주 사알짝 느끼할 것 같을 땐 스끼다시로 나온 김치 한입 먹어주면 끝 김에 싸먹어도 맛있고 백김치랑 먹어도 잘 어울리고오랜만에 먹는 참치는 증맬루 행복해따 메뉴 고를 때 안주는 오빠가 먹고 싶은 걸로 하랬는데 막상 차돌 메뉴를 시켜서 흠느끼하지 않을까속으로 반신반의 했었다그리구 양도 엄청 많아서 이거 다 먹겠나 싶었는데 1도 안 느끼하고 짜지도 않아 간이 딱 적당해서 마구마구 흡입했었다오빠도 메뉴 너무 잘 골랐다고 대만족하시고 집에서도 비슷하게 만들어보자 했었다 별밤참치    재생 2 좋아요 0 0018  접기펴기 별밤참치    내가 술을 전혀 못 해서 항상 오빠 혼자 마시다보니 이런 제주도 이자카야 가본 게 얼마만이었는지이로는 잠깐 동서 집에 부탁하고 나온 거였는데 밤마실 너무 오붓했구 행복했규오빠랑 종종 이렇게 나와봐야겠단 생각이 들었다 제주 아라동 맛집 별밤참치요리가 다 너무 맛있던 덕에 오빠 캘리 두 병이나 먹고간단하게 한 병만 먹을랬는데 안주가 좋아서 자꾸만 들어갔다고 한다 베스킨라빈스 포장해서 집 가는 길에 둘이 배불러 죽겠다고 난리였었다우리 앞 예약 자리 빼고 손님으로 가득가득 했어서 마지막까지 실내 찍기 실패 매장 분위기 좋았는데 못 담아와서 아쉽네 저희처럼 오붓하게 밤마실 데이트하실 분들 맛있는 참치와 안주가 필요하신 분들 소규모 모임 장소 찾는 분들은 제주 별밤참치로  50m  NAVER Corp 별밤참치 제주특별자치도 제주시 아란7길 8 1층 #제주도이자카야맛집#제주아라동맛집#제주도별밤참치  영업시간  월토 오후 5시부터 새벽 2시까지 라스트 오더 밤 12시 30분 매주 일요일 정기 휴무  주차  근처 공영주차장 이용주소  아라일동 60952 우린 주변 골목에 주차함  예약 포장 배달 가능
제주 아라동 맛집 도민으로 가득한 가성비 한우amp흑돼지 광육,https://blog.naver.com/easyhyxn/223929168639,광육,제주 제주시 아연로 595,#아라동맛집#제주아라동맛집#광육,제주 아라동 맛집 도민으로 가득한 가성비 한우흑돼지 광육 제주 아라동 맛집 도민으로 가득한 가성비 한우흑돼지 광육 제주 아라동 맛집 도민으로 가득한 가성비 한우흑돼지 광육 지난달에 친구를 만나며 제주 아라동 맛집에 방문했는데 음식 구성도 깔끔하고 양도 넉넉해서 만족도 높았답니다 데이트나 가족모임으로 좋을 것 같았고 주차 공간도 여유로워서 불편함 없이 방문할 수 있었어요 50m  NAVER Corp 광육 제주특별자치도 제주시 아연로 595 광육 주소  제주 제주시 아연로 595 전화번호  050714542778 영업시간  1130  2200 2000 라스트오더 주문메뉴  SIGNATURE DINNER 20000원 1 아라동 맛집 위치와 주차공간 제주공항과 한라산 중간쯤 위치해 접근성이 좋고 외관도 웅장한 느낌이었어요 한우나 흑돼지 가격대도 만족스러워 아라동 맛집으로 메모해두고 싶은 곳이었어요 앞뒤로 주차장이 넓게 조성돼 있어 대형차나 가족 단위 방문도 전혀 문제 없었어요 접근성부터 만족스러웠고 처음부터 편하게 방문할 수 있었어요 입구부터 조명이 고급스러웠고 전체 분위기가 정돈돼 있었어요 가족 식사나 회식 자리로 손색없고 인테리어만으로도 기대가 높아지는 공간이었어요 입장 시 카드를 받고 정육 코너에서 고기를 고른 후 자리에 앉는 시스템이었어요 고기 가격도 일반 식당보다 훨씬 저렴했고 신선함도 느껴졌습니다 홀은 넓고 룸도 따로 있어 프라이빗하게 이용할 수 있었어요 가족 모임이나 회식 친구들끼리 모임 장소로도 아주 잘 어울리는 구조였습니다 놀이방이 커서 아이들과 함께 방문하기 좋은데 홀에서 CCTV로도 볼 수 있어 부모님들이 식사에 집중할 수 있어요 부모님들을 향한 세심한 배려가 느껴졌어요 2 다채로운 샐러드바 고기 외에도 샐러드바가 별도로 마련돼 있어 만족도가 높았어요 20가지 수제 메뉴가 다양하게 구성돼 있고 특색있는 퀄리티를 잘 보여주더라고요 뷔페 코너에는 파스타 튀김 떡볶이 등 먹을 거리가 풍성했어요 플레이팅도 예쁘고 대기 시간 동안 다양한 음식을 즐길 수 있어 만족스러웠습니다 고기와 함께 샐러드바 음식이 한 상 가득 차려져 있어요 정갈하게 구성된 메뉴가 보기에도 좋았고 양이나 종류 모두 알찼어요 단품 메뉴가 아닌 코스로 즐긴 느낌이었답니다 토마토 위에 매실즙을 살짝 곁들인 입가심 메뉴였어요 고기 다음에 한 입 먹으니 상큼함이 입안에 퍼졌고 식사의 리듬을 자연스럽게 바꿔주는 역할을 했어요 멜조림은 짭짤하면서도 감칠맛이 진했고 고기랑 같이 먹으면 조화가 좋았어요 밥에 살짝 올려 먹으니 별미로도 훌륭했고 제주다운 맛이 느껴졌어요 양념게장은 간도 세지 않고 감칠맛이 살아 있었어요 한 점씩 먹기 좋게 손질돼 있었고 고기와 찌개 사이에 곁들이니 아라동 맛집 구성에 더없이 잘 어울렸어요 채소들은 기름기 적당히 머금은 채 철판에 구워졌고 고기와 함께 먹으면 식감도 맛도 살아났어요 고기만 먹는 식사보다 훨씬 다채로운 한입이었어요 3 끝내주는 한우 육질 흑돼지와 한우 1 등급이 같이 나왔는데 선도부터 다르더라고요 지방 비율도 적당했고 가격 대비 구성도 알차서 현지인 맛집다운 만족감을 느꼈습니다 직원이 고기를 정성껏 구워주셔서 편했어요 불판에 올려 구워지는 소리를 들으니 식욕이 올라왔고 고기 익는 속도도 적당해서 많은 사람들이 찾을 만했어요 소고기는 고르게 익혀져 육즙이 풍부했고 탄내 없이 깔끔했어요 채소도 함께 구워져 조화롭게 즐길 수 있었고 고기 질감도 부드러워 만족스러웠습니다 소금에 살짝 찍어 먹는 소고기는 풍미가 훨씬 깊었어요 한 점 먹을 때마다 육즙이 촉촉하게 퍼졌고 결이 부드러워 씹는 내내 고소함이 감돌았던 메뉴였어요 소고기를 다 먹고 난 후엔 흑돼지를 올려줬어요 불판도 깔끔하게 교체해줘 고기의 풍미를 온전히 느낄 수 있었고 돼지고기의 쫀득한 식감이 꽤 매력적이었답니다 흑돼지는 바삭하게 익은 겉면과 촉촉한 속살이 인상적이었어요 기름이 돌면서도 느끼함은 없고 담백하면서도 깊은 풍미가 입안 가득 퍼졌습니다 4 저렴한 주류 소주와 맥주가 3000원이어서 한두 잔 곁들이기 좋았고 고기와 함께 즐기기엔 더할 나위 없었어요 분위기 있는 공간에서 간단히 기분 내기에도 충분했습니다 비빔막국수는 양념장이 과하지 않아 개운했고 고기랑 곁들여 먹으니 궁합이 딱 맞았어요 한입 먹는 순간 매력이 또 느껴졌어요 된장찌개엔 큼직한 소고기와 야채가 듬뿍 들어 있었고 밥과 찌개는 무한리필이라 양적으로도 훌륭했어요 이런 세심한 구성이 아라동 맛집이라 불릴 만하죠 초코 분수는 남녀노소 누구나 좋아할 만한 구성이라 마무리로 즐기기에 딱 좋았어요 마시멜로를 찍어 먹는 재미도 있어서 센스 있는 디저트였어요 5 아이스크림으로 마무리 아이스크림과 따뜻한 차가 준비된 디저트 공간은 조용하고 깔끔했어요 특히 고기 냄새와 분리된 별도 공간이라 마무리하기에 딱 좋았고 아이스크림 종류도 다양해 고른 재미가 있었습니다 식사 후 입가심으로도 훌륭했고 커피 외에 허브티도 마련되어 있어 취향 따라 고를 수 있었어요 전반적으로 식사에서 마무리까지 신경을 많이 쓴 구조였고 디테일까지 챙겨주는 모습에 만족도가 높았어요 고기집이지만 디저트까지 완성형인 곳이라고 생각하는데 이런 곳 정말 드물다 생각해 추천해요 제주 아라동 맛집 도민으로 가득한 가성비 한우흑돼지 광육 재생 1 좋아요 0 0045  접기펴기 제주 아라동 맛집 도민으로 가득한 가성비 한우흑돼지 광육 #아라동맛집 #제주아라동맛집 #광육
제주 아라동 맛집 가성비 고기집 도민들은 여기가요,https://blog.naver.com/twinkle_memory/223908807330,코리아참숯불정육식당,제주 제주시 아란서길 79,#제주아라동맛집#제주도민맛집#제주흑돼지맛집#제주정육식당#제주대맛집#코리아참숯정육식당,안녕하세요 알짜배기 제주여행정보 소개하는 여행하는 지니입니다 제주 아라동 맛집 가성비 고기집 도민들은 여기가요 코리아참숯불정육식당 날이 더워져서 몸이 허해진건지 요즘 자꾸 고기가 당기더라구요 도민들이 자주 찾는 가성비 고기집이 있다고 해서 다녀왔어요 진짜 관광객보다 도민분들 방문이 끊이지 않았던 제주 아라동 맛집 코리아참숯불정육식당 위치 주차 내부 가격 숙성근고기 후기 순으로 소개할게요 제주 아라동 맛집 가성비고기집 코리아참숯불정육식당 재생 2 좋아요 1 0031  접기펴기 제주 아라동 맛집 가성비고기집 코리아참숯불정육식당 글사진 및 영상 JOURNEY GENIE 코리아참숯불정육식당  매일 오후 4시부터 밤 10시 30분까지  밤 9시 20분까지 주문 가능  연중무휴 운영 50m  NAVER Corp 코리아참숯불정육식당 제주특별자치도 제주시 아란서길 79 위치 도민들이 주로 찾는 제주 아라동 맛집 코리아참숯불정육식당은 제대병원 제주대 근처에 위치하고 있어요 버스터미널 및 시청에서 차로 1520분 정도 거리에요 주차 바로 옆에 넓은 공영주차장이 있어서 주차하기 편해요 내부 내부공간은 매우 넓은 편으로 수용가능 인원이 많을 듯 해요 단체 고객 방문도 문제 없습니다 오후 4시에 오픈을 하는데 저희는 5시쯤 방문을 해서 여유로웠는데요 식사시간이 되니 물밀듯 손님들이 들어오더라구요 제주 아라동 맛집 코리아참숯불정육식당의 비법 바로380시간 이상 저온숙성인데요 매장 내부 한켠에 커다란 숙성고가 이를 보여줍니다 백돼지와 흑돼지의 차이를 흔히 쫄깃함이라고 하는데 오랜시간 저온숙성을 해 백돼지에서도 쫄깃함을 맛볼 수 있어요 밑반찬 및 상추 등 원하는 만큼 편하게 가져다 먹을 수 있는 셀프바 저희도 여기서 상추랑 파절이 여러번 리필해 먹었네요 유아동반고객도 많이 방문하더라구요 아기의자 있습니다 식후 입가심용 커피는 기본 서비스 가격 제주 아라동 맛집 코리아참숯불정육식당은 흑돼지백돼지 근고기목살오겹 2인3인 으로 구성되어 있습니다 생삼겹 및 통가브리살 꼬들갈비살도 있는데 생삼겹과 꼬들갈비살은 한정판매라고 해요 사이드가 대박이었는데요 비빔면 짜파게티 신라면 등 고기 먹다보면 생각나는 라면 주문이 가능해요 수제떡갈비소세지도 있어 아이와 함께 방문시 고기 말고도 먹을거리가 풍부합니다 요즘같은 고물가 시대에 소주 3000원이 왠말인가요 심지어 제로맥주도 4000원으로 애주가도 알쓰도 누구나 부담없이 즐길 수 있어요 심지어 콜키지도 가능합니다 도민들이 많이 찾는 이유를 알겠더라구요 자부심있는 원산지 표기로 믿고 먹을 수 있는 식당 인증 현재 흑돼지 숙성근고기의 경우 할인이벤트 중으로 100g당 10000원이니 가격 너무 좋습니다 거기다 쿠폰제까지 있어 다음 방문을 기약할 수 밖에 없습니다 숙성근고기 고기는 사장님께서 직접 초벌로 한 번 구워주신 후 테이블에 올라옵니다 기본상차림이 준비되고 초벌구이가 되는 동안 계란찜과 청국장이 나와요 근고기 주문시 기본으로 제공됩니다 향을 맡으면 도저히 기다릴 수가 없어 고기 나오기 전 먼저 먹었어요 청국장 비벼먹을 공기밥 주문 필수입니다 사장님께서 오픈키친에서 초벌해주시는 중 초벌되어 나온 고기와 함께 불과 불판이 깔립니다 원하는 정도로 구워 먹는데 밑반찬에 있는 콩나물과 고사리도 잊지말고 올리세요 저희는 까먹고 있다 나중에 올려 아쉬웠지 모에요 이곳의 또 다른 장점은 돼지껍데기도 함께 나온다는 점이에요 따로 주문해야해 많은 양을 먹긴 부담스러워 막상 주문을 안하게 되는 분들도 맛보는 정도의 양으로 준비되니 함께 즐기기 좋아요 한 번 초벌해 나와서 그런지 진짜 빨리 익어요 중간중간 직원분께서 오며가며 고기 상태 체크해주시고 돼지껍데기도 어느 정도 익었는지 체크 후 지금 먹으라고 알려주십니다 두툼한 고기에 육즙이 가득 배가 별로 고프지 않다는 아드님도 육즙이 많다며 맛있다고 먹더라구요 기본으로 제공되는 서비스인 계란찜과 청국장의 맛 역시 좋았어요 보통 고기집가면 사이드로 주문을 해야 하는데 서비스로 포함이 되니 왜 가성비라고 하는지 알겠죠 김치찌개도 주문했는데 이거 꼭 주문하셔야 합니다 고기 엄청 부들부들하고 두부도 두툼하고 크게 들어가 있는데다 국물맛이 깊고 좋아요 배가 부른데도 공기밥 하나 더 주문하고 싶어지는 맛 도민들이 주로 찾는 가성비 고기집이 어딘지 궁금하셨다면 코리아참숯불정육식당 이용해보세요 근처 가볼만한 카페 추천 제주시 브런치카페 트레블러카페와투어 여행자컨셉 제주 아라동 카페 안녕하세요 알짜배기 여행정보 알려드리는 여행다니는 지니입니다 여행사와 함께 운영되는 독특한 컨셉의 blognavercom 제주 애플망고빙수 2만원대로 생망고 가득 먹쿠슬낭카페 feat 커피맛집 안녕하세요 알짜배기 제주여행정보 소개하는 여행하는 지니입니다 제주 애플망고빙수 2만원대 생망고 가 blognavercom
제주 아라동 맛집 분위기 좋은 고깃집 화도,https://blog.naver.com/41stella/223884870840,제주 화도 흑돼지,제주 제주시 승천로 53 제주 화도 흑돼지,#제주아라동맛집#제주시청맛집#제주공항근처흑돼지#제주시청고깃집#아라동맛집#아라동고깃집#아라동흑돼지,안녕하세요 탐라국에서 여름을 기다리는 동글레스에요 여름을 맞아 다이어트도 해야 하는데 매일 이렇게 먹기만 해서 큰일이네요 오늘은 제주공항 근처 제주 아라동 맛집 화도에서 맛있는 흑돼지를 먹고 왔어요 테이블 간 간격도 넓고 분위기가 시끌벅적하지 않아 편안하고 맛있는 식사를 할 수 있었어요 화도  1400  2300 제주시 승천로 53  050714174491  주변 공영주차장 이용 가능 50m  NAVER Corp 제주 화도 흑돼지 제주특별자치도 제주시 승천로 53 제주 화도 흑돼지 예약 매장 전경 남광초와 제일중 인근 골목 사거리에 있어서 오며 가며 봤던 돼지숯불구이 전문점 화도 고깃집 답지 않은 세련된 인테리어에 혹시 음식 가격이 높을까 걱정도 되었지만 제주산 양념갈비가 100g에 6000원 가게 주변 공용주차장이 많이 있어 주차는 어려움 없이 해결하고 매장으로 이동했어요  제주 아라동 맛집 화도  인근 공영주차장 이도이동 197017 이도이동 19685 이도이동 30021 이도이동 301410 매장 내부  메뉴 제주 아라동 맛집 회색 벽면에 블랙을 매칭한 감각적인 인테리어가 입구에서도 눈에 띄었어요 식당에 들어가면 바로 홀이 보이지 않아 나름 조용한 식사가 가능한 화도 안내해 주시는 좌석으로 이동하며 왼쪽으로 보이는 고기 숙성 냉장고 오늘 어떤 고기를 만나게 될지 너무 기대되었어요 테이블 간격이 넓직 넓직해서 옆 테이블에 방해받지 않고 대화를 나누며 조용히 식사할 수 있었어요 왁자지껄한 고깃집이 아니라 아이가 있는 저희들도 편안했어요 흑돼지 맛집으로 소개받아 방문하여 저희는 흑화도 세트55000원를 주문했어요 제주산 돼지고기를 48시간 동안 화도의 특제 양념으로 숙성한 양념갈비15000원도 맛있어 보였어요 그 외 식사를 위한 사이드 메뉴로 김치찌개 된장찌개가 6000원으로 합리적인 가격으로 판매 중이었어요 화도 맛있는 시간 주문 후 바로 기본 찬 세팅이 이루어졌어요 정갈하게 차려진 반찬 중 파김치를 참 맛있게 먹었어요 파의 맵싸한 맛과 감칠맛이 고기와 조화롭더라고요 맛있는 고기의 신선도만큼 야채의 신선도와 손질 정도를 꼼꼼히 보는 편인데 화도 합격 숯도 색깔이 아주 좋더라고요 좋은 숯에 고기를 구우면 숯 향이 은은하게 배고 구울수록 고소한 맛이 더해지며 육즙이 꽉 잡혀서 더 맛있게 먹을 수 있지요 흑화도 세트 고기의 선홍빛 색이 너무 예쁜 화도의 흑화도 세트예요 목살과 오겹살로 구성된 화도의 시그니처 제주산 흑돼지 세트 선명한 결을 가진 남다른 퀄리티의 고기와 단호박 팽이버섯 양송이버섯이 함께 나왔어요 고기를 올리기 전에 불판 코팅을 해주고 고기와 야채를 차례로 올려주셨어요 모든 고기를 정성껏 구워주신 덕분에 딱 알맞게 구워진 고기를 먹을 수 있었어요 환기 시스템이 잘 되어 있어 고기 연기가 바로바로 환풍구로 빨려 들어가더라고요 옷에 냄새도 적게 베였어요 불이 좋아 그런지 고기가 금방 익는 느낌이었어요 익어가는 고기를 보니 공깃밥 주문이 시급해 보여 먼저 공깃밥과 김치찌개도 주문하였어요 김치찌개 뚝배기에 보글보글 끓으며 나오는 찌개만 맛있을 거라는 편견을 깼던 화도의 김치찌개에요 뭉글하게 오랫동안 끓인 돼지고기 김치찌개의 국물 맛은 굉장히 진하고 깊었는데 고기도 많이 들어있어서 공깃밥과 먹는 내도록 즐거웠어요 아직 매운 음식을 못 먹는 아이에게는 아이용 국물을 따로 주셔서 저희의 기호에 맞게 김치찌개를 시킬 수 있었어요 어린이 국물은 맑은 된장국이었는데 염도가 낮고 야채와 두부가 듬뿍 들어있어서 엄마 마음에 쏙 드는 국물이었어요 먼저 구워 주신 것은 목살 비계 부분 삼겹살 보다 더 부드럽고 쫄깃한 식감이 아주 좋았어요 처음에는 소금을 찍어 먹고 다음에는 함께 나온 화도 멜장에 찍어 먹어보라고 하셨어요 지글지글 끓는 멜장에 고기를 푹 담궈 먹으니 너무 맛있더라고요 다음으로는 목살을 잘 익혀주셨어요 두툼한 흑돼지 목살 화도의 목살은 두툼하게 먹을 때 풍부한 육향을 즐길 수 있어 추가 주문 시에도 300g 단위로만 주문이 가능하다는 사실 제주 아라동 맛집 흑돼지 전문점 화도 재생 1 좋아요 1 0030  접기펴기 제주 아라동 맛집 흑돼지 전문점 화도 다 익은 고기는 불판 옆의 그릇으로 옮겨주었어요 꽈리고추와 팽이버섯까지 모두 맛있게 익었네요 역시 첫 고기는 소금으로 고기 맛을 봐야지요 두 번째는 멜장 보글보글 끓는 멜젓에도 콕 상추쌈도 싸먹고 곁들여 먹을 음식들이 다양하고 모두 퀄리티가 좋아 고기 먹는 재미가 쏠쏠했어요 이제 흑돼지 오겹살 차례 단호박도 포슬포슬하게 구워지고 있어요 고기가 느끼할 때쯤 빛을 발하는 화도의 파김치 한 점 상추에 각종 야채들을 얹어 크게 한 쌈 싸 먹으며 우리 가족만의 불금을 즐겼어요 제주 아라동 맛집 화도 총평 제주시청 맛집 좋은 사람과 함께 하고 싶은 조용하고 고급스러운 흑돼지 맛집 어느 순간 제주 흑돼지 맛집이 우후죽순 늘어났어요 제주 아라동 맛집 화도는 맛있는 고기를 바탕으로 가성비 좋은 사이드 디시와 조용하고 고급스러운 분위기로 확실한 차별화를 한 것 같아요 저희 아닌 다른 손님들도 주로 가족단위의 손님들로 조용히 맛있는 고기를 즐기고 계시더라고요 제주공항 근처 흑돼지 맛집 화도에 꼭 한 번 방문해 보세요  #제주아라동맛집 #제주시청맛집 #제주공항근처흑돼지 #제주시청고깃집 #아라동맛집 #아라동고깃집 #아라동흑돼지
제주시 로컬 맛집 제주 아라동 양식 레스토랑 컬처드 런치세트,https://blog.naver.com/hjtopia7/223854886807,컬쳐드,제주 제주시 승천로 81 1층 컬쳐드,#제주시로컬맛집#제주시맛집추천#제주아라동양식맛집#제주시양식맛집#제주시아라동맛집#제주제주시맛집#제주아라동레스토랑,제주시 로컬 맛집 제주 아라동 양식 레스토랑 컬처드 런치세트 추천 주말에 데이트하기 좋은 제주 아라동 맛집 컬처드 패밀리 레스토랑 브런치 먹을 겸 다녀왔어요 10년 가까이 현지인들의 사랑받는 베라체 근처에 위치한 제주 양식당이라 기대감이 잔뜩 오른 상태로 방문했어요 1 위치 및 주차 주소 제주도 제주시 아라 이동 300310 영업시간 11002100LO 1350 1950 주변 공영 주차 이용 매주 수요일 정기휴무이며 포장 가능 테이크아웃 10 할인됩니다 공영주차장 여러 개 있어 주차 어렵지 않게 할 수 있어요 주말 공휴일은 무료 2 내부 우드 인테리어로 아늑하고 편안한 분위기에서 식사할 수 있어요 자리가 나름 많이 있는 편인데 제주시 로컬 맛집임을 증명이라도 하듯 빈자리 없이 자리가 꽉 차있었어요 온 동네 사람들 여기 다 모인 듯  브레이크 타임 무렵에야 겨우 사진을 찍을 수 있었다는 2인 4인뿐 아니라 여러 명이 앉을 수 있는 단체석 프라이빗 한 룸 공간 등이 잘 마련되어 있어요 요 공간은 오붓하게 식사하기 좋겠다 데이트하러 방문했는데 주말이라 가족단위 손님 친구 연인 골고루 많이 계시더라고요 오픈형 주방으로 조리하는 모습도 볼 수 있고 깨끗 깨끗합니다 3 제주시 로컬 맛집 컬처드 레스토랑펍 메뉴 태블릿으로 자리에서 편리하기 주문할 수 있어요 가족들이 식사하기 좋은 패밀리레스토랑답게 피자 샐러드 볶음밥 리소토 제주 파스타 토마토 크림 오일 다양한 이탈리안 음식 메뉴 있어 입맛대로 고르면 좋을 거 같고 가성비 있는 런치 샐러드 파스타 or 라이스 피자 디저트 디너세트도 있어요 세트메뉴가 인기 많다는 거 음료는 생맥주 와인 하이볼 칵테일 커피 에이드 등 준비되어 있는데 가격이 2천 원대부터 와우 사장님 남는 거 있으신가요 4 주문 메뉴 및 후기 다양하고 푸짐하게 먹으려고 런치세트 풍성한 자태의 애피타이저 스테이크 샐러드 이게 과연 1인분인가 양 엄청납니다 푸짐한 양에 놀랐어요 채끝등심 가지 호박 토마토 버섯 그릴 야채 등 재료를 아낌없이 많이 많이 샐러드 위에 올라간 고기는 차갑고 퍽퍽할 때가 있는데 걱정 no no 은은한 불향도 나고 부드럽 채끝 퀄리티 좋았어요 샐러드 채소에 버무려진 시큼달달 발사믹 소스는 상큼한 맛으로 식욕 돋우는데 큰 역할을 하네요 이런 신선하고 건강한 식재료로 만든 샐러드는 언제나 옳은 선택인 거 같아요 오통통한 새우 듬뿍 새우오일파스타 마늘 다진 양파 호박 등 토핑 넉넉하게 올려 나오는데요 면이랑 같이 올려 먹으면 토핑에 따라 다양한 맛을 느낄 수 있어 귿 3시간 끓여 만드는 야채 스톡 베이스로 만들어 좀 더 깊은 맛이 난다 굴 소스의 감칠맛이 좋았던 3인분 같은 1인분의 소고기 볶음밥 2천 원 추가해서 반반 피자 시켰어요 고르곤졸라랑 마르게리따 피자 고소한 향이 풍기는데 이미 맛있다  우선 도우가 얇아서 맘에 듭니다 페이스트리 식감으로 엣지는 바삭 자연치즈 99 치즈가 가득 들어있어요 고르곤졸라 특유의 풍미와 꿀 찍어 먹는 재미까지 기본에 충실한 피자를 좋아하고 치즈를 좋아하시는 분들에게 딱이에요 조금 특별한 맛을 원한다면 수제 바질 페스토가 올라간 마르게리따 피자 픽하기 메뉴 구성이 좋고 맛도 좋아 식욕 폭발한 날이었답니다 50m  NAVER Corp 컬쳐드 제주특별자치도 제주시 승천로 81 1층 컬쳐드 5총평 제주 아라동 양식 레스토랑 찾는다면 현지인들의 많은 사랑 받고 있는 제주시 로컬 맛집 컬처드 방문해 보세요 맛도 좋고 양 많기로 소문난 곳이거든요 가성비 좋게 든든하고 푸짐한 식사할 수 있을겁니다 가성비 런치세트 추천하고 싶어요 주말에는 웨이팅 무조건 필수라 시간 여유를 두고 방문하거나 평일에 가면 좀 더 여유롭게 식사할 수 있을 거 같아요 #제주시로컬맛집 #제주시맛집추천 #제주아라동양식맛집 #제주시양식맛집 #제주시아라동맛집 #제주제주시맛집 #제주아라동레스토랑
제주 아라동맛집 이재모피자 피자는 큰 걸로 시켜야 제맛,https://blog.naver.com/iyaiyao0/223764501466,이재모피자 제주점,제주 제주시 간월동로 6 이재모피자 제주점,#이재모피자제주#제주아라동맛집#제주도이재모피자,제주 아라동맛집 이재모피자 웨이팅 없이 이재모피자 맛보는 방법 건강식을 좋아하지만 피자는 짜야 제맛이지 제대로 만드는 팬 피자를 맛볼 수 있는 이재모피자 제주점 위치 및 주차 아무리 맛집이라도 기다리는 걸 싫어하는 제주도민 그럼에도 불구하고 웨이팅을 하게 만드는 이재모피자 그럼에도 불구하고 웨이팅을 하기 싫다면 이른 점심을 먹는 방법밖에 없다 작년에 결혼한 신혼부부를 만나는 날 초면이지만 이른 점심을 먹기로 하고 만난 시간은 오전 11시 웨이팅 없이 주차 스트레스 없이 피자를 즐기기 위한 우리의 전략은 이번에도 성공 수십 대 주차 가능한 이재모피자 제주점 이지만 만차 시 아름다운 교회 주차장 이용 가능 다만 유료이고 현금카드 결제만 가능 계좌이체는 불가능 부지런한 새가 피자를 기다리지 않고 먹을 수 있다 오전 11시 도착한 시골쥐들 대기 없이 홀로 들어가는 영광을 누린다 이재모피자 제주점은 실내에 대기공간을 조성하고 의자까지 비치하는 서비스를 제공한다 혹시 대기해야 한다면 도착하자마자 캐치 테이블 등록 필수 홀에 입장하기 전부터 손을 씻을 수 있는 공간을 조성해 둔 제주 아라동맛집 코시국 막바지에 오픈한 매장이라 청결과 위생에 더 신경을 쓴 게 아닐까 추측 내부 화이트 우드 식물로 부드럽고 따뜻한 분위기로 조성한 이재모피자 제주 인테리어 오픈되어 있는 홀 공간은 90년대 향수를 불러일으킨다 피자도 그때 그 시절 맛을 추억하기 좋은 듯 사실 언제부터 화덕피자를 먹었겠냐 옛날엔 다 팬 피자였지 폐쇄되어 있지는 않지만 공간을 구분해 프라이빗하게 식사할 수 있는 공간 주문 및 결제까지 가능한 태블릿 타바스코 핫 소스 파마산 치즈가루가 기본 세팅 큰 사이즈로 구한 덕분에 보기만 해도 시원시원 피자 먹을 때 아무것도 안 뿌리는 1인으로써 사용하지 않았다 탄산음료는 셀프로 주문 시 700ml의 컵을 제공한다 2천 원에 즐기는 700ml 행복 리필 대신 합리적으로 제공하는 점도 좋고 플라스틱 빨대가 없는 점도 친환경적이라 좋다 피클은 먹을 만큼만 잔반을 남겨선 안된다 남은 피자는 포장할 수 있도록 셀프 바애 종이용기를 준비하는 섬세함 이래서 부산을 대표하는 외식업체인가 싶을 정도로 이재모피자는 훌륭함 피자 즐기기 이재모피자 맛있게 즐기는 꿀팁 갈릭 디핑소스는 1인 1개가 적당하다 사실 나는 2개를 먹어야 성에 차는 사람이지만 적당히 1개로 타협 로봇이 서빙해주는 제주 아라동맛집 좁은 입구로도 어찌나 잘 들어오던지 로봇기술을 보며 테슬라 투자를 과감히 했었어야 하나 이재모크러스트피자 이재모크러스트피자L 사이즈 30000원 페퍼로니 양파 피망 모차렐라치즈 토마토소스 군더더기 없는 클래식 피자 그 자체 담백한 도우 질기지 않고 부드러운 모차렐라 적당히 텁텁한 토마토소스까지 대한민국 팬 피자의 저력을 느끼게 하는 이재모피자 테두리까지 맛있는 크러스트로 선택해서 남김없이 먹을 수 있다 크러스트 불고기L 지난 방문에 맛보고 반해버린 불고기 피자 피자집들의 불고기 식감이 마분지 같아서 싫어했는데 이재모피자의 불고기는 진짜 고기식감에 반해버렸다 페퍼로니 등 가공육을 피하고 싶은 사람이라면 더더욱 불고기 피자를 추천한다 질깃하지 않고 부드러운 치즈 전에는 먹으면서도 짜고 맛있다고 생각했는데 이번엔 짜다는 생각이 들지 않는 걸 보면 그동안의 외식을 통해 나트륨에 많이 노출된 것 같다 하루 종일 물이 많이 마셨으니 짰던 건 분명함 하지만 피자는 짜야 맛있다 건강하려고 먹으려면 피자를 안 먹어야 함 이왕 먹는 거 맛있게 먹고 반성하자 너무 맛있어서 3조각이나 먹어버렸음 그중 2조각을 불고기 피자로 또 먹어도 맛있는 걸 보면 계절 바뀔 때마다 먹어야겠다는 결심 피자 쿨타임 찰 때마다 찾고 싶은 이재모피자 제주 넓은 주차장 친절한 서비스 변함없는 맛 덕분에 즐겨 찾고 싶은 제주 아라동맛집 세 줄 요약 오전 11시에 도착하면 웨이팅 없이 즐길 수 있다 치즈가 맛있는 대한민국 팬피자의 정석 넓은 주차장 친절한 서비스 변함없이 맛있는 제주아라동맛집 이재모피자 제주점 주소  제주 제주시 간월동로 6 이재모피자 제주점아라이동 전화  0647551478 영업  0930  2030 휴무  매주 일요일 주차  주차장 완비 인스타그램 httpswwwinstagramcomleejaemopizza 50m  NAVER Corp 이재모피자 제주점 제주특별자치도 제주시 간월동로 6 이재모피자 제주점
제주 아라동 맛집 제주 한정식 만배성한정식,https://blog.naver.com/wooec35/223798079010,만배성한정식,제주 제주시 아연로 484-9,#제주도민맛집#제주아라동맛집#제주한정식#제주도한정식#제주한식#제주상견례#제주모임장소#칠순잔치,1팀 1룸 배정 프라이빗한 장소 대화하기 좋은 편안한 장소 다양한 코스 요리 사진 글 민블리맘 만배성한정식 안녕하세요 정성을 다하는 만배성 한정식입니다 상견례 피로연 돌잔치 각종 모임등 문의주세요 pfkakaocom 카카오톡플러스친구 제주 한정식 피로연 상견례 등 각종 모임장소 추천 영업시간  1130  2130휴무일 확인 필수 예약하고 방문 주차정보  식당 앞 넓은 주차장 제주 음식을 코스로 맛볼 수 있는 만배성한정식에 다녀왔어요 많은 상패들이 증명하는 맛집입니다 방송출연도 한 곳이에요 1층은 만배성 뷔페로 운영중이에요 1층을 전체 대관하여 뷔페를 드실 수 있도록 운영하고 있습니다 돌잔치 피로연 세미나 및 단체모임 등 각종 연회를 준비하고 계시다면 만배성으로 문의주세요 2층은 프라이빗한 룸으로 운영중입니다 1팀 1룸 배정이기 때문에 각종모임 장소로 추천드립니다 바다가 보이는 룸 저희는 예약을 하고 방문했어요 안내받아 룸으로 들어갔는데요 막힘없이 펼쳐진 뷰가 정말 멋있었어요 날씨가 흐린날이었는데요 날씨가 좋으면 바다가 잘 보이는 곳이었어요 굉장히 넓은 곳이었는데요 1팀 1룸으로 배정되기 때문에 다른 사람 방해없이 우리가족만의 식사를 할 수 있었습니다 다양한 제주도 요리 코스 합리적인 가격으로 만배성한정식은 코스요리가 다양해요 만배성 한정식에서는 죽 냉채 생선회 갈비찜 옥돔구이 된장뚝배기 갈치조림 등 가격에 따라서 십여 가지부터 스무 가지 이상의 요리로 다채롭게 구성한 한정식 메뉴를 선보이고 있습니다 점심에는 상대적으로 저렴한 가격에 즐길 수 있는 특선과 단품 식사 메뉴도 만날 수 있습니다 C코스 1인 39000원 깔끔하고 정갈한 음식 죽 제가 이번에 만배성한정식에서 예약한 코스는 C코스에요 3번의 상차림으로 나눠져서 나온다고 설명들었어요 고소하고 맛있는 죽으로 시작해요 바로 볶아서 엄청 뜨겁고 맛있는 잡채도 나오고요 뜨거운 잡채 생선회 회를 즐기지 않는 사람도 맛있게 먹을 수 있는 싱싱한 생선회입니다 생선초밥 2색빙떡 생선초밥도 빼놓을 수 없지요 2색빙떡도 입맛을 돋아줘요 색감도 너무 예쁘고 맛도 좋은 음식들이에요 육회 차돌 육회와 차돌이 나와요 육회는 계란 노른자와 같이 먹고요 차돌은 참기름 소금장에 찍어먹으니 너무 고소했어요 3색 전 귀엽고 예뻐서 먹기 아까운 3색 전이에요 돔베고기도 나오고요 코스요리가 정말 알차요 코스 끝나려면 아직 멀었습니다  불고기 잡내없고 질기지 않은 불고기에요 만배성한정식은 맛있는 음식과 따뜻한 정성이 가득한 곳입니다 사골베이스로 콩나물이 듬뿍 들어간 시원한 해장국이에요 너무 맛있어서 또 생각이 나네요 갈비찜 너무 야들야들 부드러워서 뼈만 쏙 빠지는 갈비찜이에요 어르신들도 좋아하실 거 같아요 갈비찜 안 채소들도 이렇게 예쁘게 손질되어 있어요 새우튀김 깨끗한 기름이 튀겨서 색감도 예쁜 새우튀김도 나오는데요 정말 맛있게 잘 먹었어요 음식 하나하나 정성이 느껴지고 맛있었어요 배가 많이 불렀지만 남길 수 없는 맛이었습니다 정성가득한 솥밥이 나왔어요 누룽지가 적당히 눌러붙어 너무 맛있는 밥이요 한국사람은 역시 밥심이라 아무리 배가 불러도 이렇게 맛있는 밥은 먹어야 해요 갈치조림 제주도 하면 또 빼놓을수 없는 갈치조림과 같이 밥을 먹었어요 갈치조림 뿐 만 아니라 옥돔구이도 나와요 제주도 옥돔구이도 빼놓을 수 없는 음식이에요 된장뚝배기와 미역국까지 완벽한 식사였습니다 마지막 누룽지로 맛있는 만배성한정식 식사를 마무리 했습니다 제주 아라동 맛집 제주 코스요리 만배성의 음식들은 간이 세지 않고 맛있어요 프라이빗한 공간에서 식사를 할 수 있어서 모임하기에 좋은 곳이에요 제주 한정식 맛집 만배성한정식 추천드려요 만배성 한정식 재생 17 좋아요 0 0012  만배성 한정식 50m  NAVER Corp 만배성한정식 제주특별자치도 제주시 아연로 4849 예약 #제주도민맛집 #제주아라동맛집 #제주한정식 #제주도한정식 #제주한식 #제주상견례 #제주모임장소 #칠순잔치
제주 아라동 맛집 제주축협 한우프라자 가족과 함께 저녁식사,https://blog.naver.com/hhome1/223729821201,제주축산농협 한우프라자 아라점,제주 제주시 중앙로 415 2층,#제주아라동맛집#제주한우프라자,갑자기 한우가 먹고 싶어서 아라동으로 출발 제주축협 한우프라자 아라동에 위치 예전엔 노형점도 있었는데 수년전에 진작 없어진듯하고 아라동은 오래전에 줄서고 장난 아니였는데 요즘은 그렇게 줄서며 먹는 곳은 아닌듯 보이네요 그래서 편하게 먹고 왔어요 요즘 음식점들이 계속 생기고 새로운곳들 많고 먹거리도 다양해서 그럴만도 할듯 합니다 먹거리가 넘치고 맛집들이 많아지며 기존에 줄섰던 음식점들이 손님이 좀 줄어들수 있다는 생각이 들긴 합니다 제주 아라동 맛집으로도 손색이 없긴하고 내부 깔끔하고 음식도 깔끔하고 제주 한우 가격도 적당해서 괜찮은듯 합니다 명품 등심이나 특수모듬이 더 맛있긴 한데 무난하게 모듬구이을 선택해도 맛이 괜찮아요 좀더 저렴한 가격에 푸짐하게 즐길 수 있다는 장점이 있구요 제가 갔을때는 이벤트로 가격할인도 들어가서 아주 괜찮았답니다 주차장 도착 150만 유튜버 히밥이 다녀갔다고 나왔네요  아직 못봤는데 궁금증 유발 히밥이 제주출신이기도 하고 엄청난 식성을 자랑하는데 저 작은 몸으로 어떻게 그렇게 많은 양이 들어가는지 정말 신기할 따름입니다  보들결 제주한우가 저절로 홍보가 된듯  제주축산농협 아라종합타운 주차장 이용안내 주차요금 안내 운영시간은 24시간 1층엔 하나로마트와 농협이 있구요 음식점은 2층에 위치하고 있어요 주차요금은 기본 1시간 무료에요 마트 3만원 이상 이용시 30분 추가 이용가능 5만원 이상시 추가 1시간 식당은 일반 식사시 추가 1시간 구이 식사는 추가 3시간 시간을 보니 충분히 여유롭게 이용가능 할 듯 합니다 기본요금은 10분당 1천원 1일 최대 5만원 제주한우 소비 촉진 행사 할인 2024812 부터 시작되었네요 한참을 시작했는데 한동안 이곳 음식점을 까먹고 있어서  그만큼 먹을곳들이 많다는거죠 오랜만에 왔는데 가격도 할인해서 더욱더 만족  오랜만에 먹으니 더욱더 맛있고 배고플때 먹으면 더 환상이고  가성비 아주 좋아요 모듬대는 800그램 정도구요 육사시미 육회 포함 중량입니다 같이 나와서 아주 좋아요  한우모듬 중은 600그램이구요 사진을 참고해주세요 명품등심이나 특수부위를 주문할 경우는 한우 품질이 확실히 좋구요 육회 육사시미는 안나오기에 따로 시키셔야 하구요 단품 메뉴 차돌박이 생갈비 양념구이 등도 모두 할인하네요 지금까지 할인하는지 모르기에 한번 문의해보시면 될듯 합니다 식사메뉴인 새싹육회비빔밥 차돌뚝배기 냉면류 내장탕 한우탕 역시 할인  할인까지 하니 만족스러움 영업시간은 변경되었네요 11시21시30분 만약 늦게 가신다면 마지막 식사 주문 시간을 꼭 체크하고 가세요 안그럼 식사시간 지나서 못드실 수도 있기에 찬이 나오고 차가운 음식부터 나와요 육사시미와 육회가 먼저 나오구요 이걸 어느정도 먹으면 메인이 나와요 제주 한우 모듬 대 3명 정도 드시기 적당한 양이에요 대식가 분에겐 적은 양이지만 보통의 경우 적당해요 나중에 후식으로 냉면이나 밥을 드시게 되니  단품으로 명품등심이나 특수부위 등 보다는 등급이 좀 떨어질 수 있지만 이 정도 퀄리티에 가격이라서 무척 만족스럽습니다 숯불향 가득 머금은 제주 한우 마무리는 물냉면 그리고 공기밥 시키면 무료로 나오는 된장찌개 이것 역시 맛있습니다 히밥이 촬영했다며 계속 영상을 틀어주시네요  후식 추가 소주1병 하고 108000원 정도 나왔네요  가성비 괜찮고 배부르게 먹고 왔어요 제주 아라동 축협 한우프라자 가족들과 함께 재생 9 좋아요 0 0015  접기펴기 오랜만에 한우가 땡겨서 들렸어요 맛있게 먹고 왔네요  50m  NAVER Corp 제주축산농협 한우프라자 아라점 제주특별자치도 제주시 중앙로 415 2층
제주 아라동 족발 맛집 다양한 메뉴 족풍,https://blog.naver.com/imgasina/223921908603,족풍,제주 제주시 인다11길 24 1층,,제주 아라동 족발 맛집 족풍 글 사진  라콩이 안녕하세요 주말 집에서 밥하기 싫고 외식으로 고른 메뉴 족발 오늘은 제주 아라동에 위치한 족발 맛집 족풍에 대해 소개해드릴게요 족풍은 2015년에 개업하여 지금까지 많은 사랑을 받고 있는 곳이에요 제주산 족발과 엄선된 품질 좋은 수입산 보쌈용 오겹을 사용하여 직접 삶고 신선하고 질 좋은 재료를 엄선하여 남녀노소 걱정 없이 맛있게 드실 수 있어요 50m  NAVER Corp 족풍 제주특별자치도 제주시 인다11길 24 1층 예약 영업시간 1100  2200 라스트오더 2130 매주 토요일 휴무 0507 1480 5883 주차가능 족풍은 제주 아라동 족발 맛집으로 개업 이후로 꾸준히 도민분들에게 사랑받고 있어요 가게 근처에 두군데나 무료주차장이 있어 주차도 편하게 할 수 있었어요 매장이 생각보다 넓어서 편하게 식사할 수 있었어요 저희가 5시에 방문했는데 벌써 손님들이 식사하고 계신거있죠 역시 도민들의 사랑을 받고 있는 아라동 맛집 이여요 내맘대로 반반 45000 족풍의 인기메뉴에요 족발종류가 이렇게 많은거 저는 처음알았어요  제주 아라동 족발 맛집 족풍의 인기 이유는 어니언크림이나 갈비 같은 전국 어디에서도 맛보지 못한 특별한 메뉴가 포함되어 있어요 어니언크림이 궁금했는데 딸아이가 안 먹을 것 같아서 저흰 오리지널인과 보쌈 시켜봤어요 겉절이랑 무생채가 나와고 보쌈김치는 따로 나오지는 않는다고 해요 참고하세요 기본으로 나오는 된장국이 무슨 한솥이에요 이거 팔팔 끓여서 먹으면 소주각인데  얼큰하니 딱 좋아 막국수도 세트포함으로 기본반찬이에요 새콤한게 조금 있다 고기랑 같이 쌈 싸먹으면 너무 맛있을 듯  크 사진보니깐 또 먹고싶으다 막국수는 맵지않아서 요즘 매운걸 못 먹는 남편도 잘 먹었어요 제가 시킨 오리지널인데 양이 진짜 많지않나요 다른집 대자 양은 될것같아요 윤기 좔좔 부드러운 식감과 깊은 맛이 많은 도민들의 입맛을 사로잡아서 배달 주문도 계속 들어오더라구요 족풍에서는 매일 신선한 재료를 사용하여 조리해요 제주산 족발은 물론 엄선된 수입산 오겹살을 사용하여 맛과 품질을 보장하고 있어요 그래서 고기와 콜라겐 비율이 나이스하죠 콜라겐 많이 먹어서 피부도 탱글탱글해지길바래봅니다 보쌈도 보들보들해서 입안에 넣으면 사르륵 녹아요 사실 수입산이라고해서 기대안했는데 너무 맛있음 기본찬으로 나왔던 깻잎장아찌랑도 같이 드셔보세요 궁합이 잘 맞아요 제주 아라동 족발 맛집 다양한 메뉴 족풍 재생 0 좋아요 0  접기펴기 제주 아라동 족발 맛집 다양한 메뉴 족풍 족풍은 제주 아라동에서 족발을 즐기고 싶은 분들에게 추천하는 맛집이에요 다양한 메뉴와 신선한 재료 친절함까지 모두 갖춘 족풍에서 맛있는 족발을 즐겨보세요
제주 아라동 맛집부드러운 제주 친환경닭으로 만든 서서방,https://blog.naver.com/masicvocal/223898924270,서서방숯불닭갈비 제주 아라점,제주 제주시 아란7길 3-3 1층 103호 서서방숯불닭갈비 아라점,#제주닭갈비맛집#제주아라동맛집#아라동맛집#아라동현지인맛집#아라동닭갈비맛집#아라동숯불닭갈비#서서방숯불닭갈비#제주닭갈비#제주맛집,ONE FINE DAY 제주 맛집 서서방 닭갈비 나는 제주에서 나고 자랐으며 대학교도 제주에서 나온 본토 토박이다 제주대학교를 오가는 길목이던 아라동은 그저 오래된 아파트가 몇 동 있고 동네 마트가 하나 정도 있던 작은 윗동네 내가 제주를 떠났던 20년 동안 제주도는 천지개벽을 했고 더이상 내가 알던 아라동은 없고 이제는 스위첸 아파트가 있는 신도시 그래도 좋은 점은 맛집이 많이 생김 제주 아라동 맛집 서서방숯불닭갈비 강추 11시 열어요 11시 닫아요 매주 월요일 정기휴무 주차  주변 공영 주차장 이용 제주 아라동 맛집부드러운 제주 친환경닭으로 만든 서서방 숯불 닭갈비 재생 3 좋아요 1 0054  제주 아라동 맛집부드러운 제주 친환경닭으로 만든 서서방 숯불 닭갈비 제주 닭갈비 맛집 외부 도보 12분 거리에 공영주차장에 주차를 했는데 무료였음 제주만세 오늘의 맛집은 모범음식점이니 저 마크를 맹신하는 나로써는 햄보쿠 폭우가 쏟아지는 날 저녁에 갔지만 원래는 웨이팅도 하는지 자리도 준비됨 아라동은 배달비가 없단다 복지네 내부는 바깥에서 보이는 것보다 넓고 깊었는데 테이블 자리가 다양하고 빨간 코카콜라 앞치마는 취향저격 이렇게 안으로 깊게 테이블들이 많고 오픈 주방이라 안심할 수 있었다 역시 모범식당은 아무나 하는게 아님 서서방숯불닭갈비 메뉴판 몸국을 만드는 모자반으로 숙성한 닭갈비와 닭목살이 있는데 우리는 닭갈비 소금 양념으로 주문 맛을 4가지로 섬세하게 고를 수 있어 좋다 모자반은 원래 해역 어디서든 만날 수 있는데 이걸 맛나게 요리해서 먹는건 아마도 제주 밖에 없지 않을까 또 제주산 친환경닭만을 사용하고 모든 반찬은 직접 만들어 낸다니 됴쿠나 네이버 포토리뷰 이벤트에 참여하면 한라산 칵테일을 준다니 궁금하군 우집은 왜 운전자가 1명이란 말인가 곁들임 반찬  소스 상큼한 곁들임 반찬이 많던데 짜지 않고 셀프 리필도 가능해서 맛나게 푸지게 먹을 수 있다 순서대로 매운 마늘 불닭마요 소스 다양한 조합으로 즐길 수 있어 좋은데 내 원픽은 매운이다 근데 진짜 맵다 초벌을 1015분 정도 하고 나온다니 일단 불부터 넣고 살짝 기다려 보자 기다리며 제공되는 된찌를 먹다 보니 어느새 숯불 닭갈비가 나오는데 남이섬 닭갈비 양만 생각했는데 양이 1인분 300g으로 꽤나 낭낭하다 너무 너무 맘에 드는 부분은 초보자가 굽다가 태워먹기 쉬운 닭갈비 처음부터 끝까지 다 구워주신다 닭갈비가 지글지글 구워지메 셀프코너에서 쌈과 매늘 고추를 준비하고 추가로 치즈퐁듀용 콘치즈03만도 주문 시험 공부 준비를 이렇게 철저히 할껄 착착 잘드는 가위로 일정 크기로 열심히 발골과 굽기를 해주시니 다소곳이 손을 모아 기다려본다 셀프 코너에 있던 모자반 장아찌인데 나도 처음 먹는 맛인데 미역보다 바다향이 좋고 상큼하고 식감도 좋아 고기랑 곁들이기 너무 어울렸다 칭찬해 촤롸롸롸 영롱하게 깔려져 있고 버섯까지 딱 반반으로 나눠주시는 엄청나게 친절하고 센스 있던 알바생 4인분을 주문하면 동그랗게 두를 수 있겠다 매운 소스와 붉닭 소스에도 찍어서 야무지게 먹어주고 쌈도 싸먹으니 아 우리 비빔막국수 07만이 필요해 알 수 없이 다급해진 우리는 지나가던 알바생에게 추가로 주문 곁들임 메뉴인데 생각보다 진심 새콤 달콤 맛난데 같이 닭갈비랑 먹자 빵꾸꾸 아이디어로 치즈 퐁듀로 다양한 맛으로 즐겨주는데 진짜 제주 친환경닭이라 그런지 육질이 너무 부드럽고 치아가 안좋은 우리 할배도 잘 드실 것 같았다 제주 맛집 성산일출 봉은밥 마지막으로 성산일출 봉은밥 07만 주문 들어간게 별거 없는 것 같은데 달콤하고 새콤하고 맛나던 볶음밥까지 맛나게 배 찢어지는 먹대장들의 하루 50m  NAVER Corp 서서방숯불닭갈비 제주 아라점 제주특별자치도 제주시 아란7길 33 1층 103호 서서방숯불닭갈비 아라점 예약 #제주닭갈비맛집 #제주아라동맛집 #아라동맛집 #아라동현지인맛집 #아라동닭갈비맛집 #아라동숯불닭갈비 #서서방숯불닭갈비 #제주닭갈비 #제주맛집
도민들이 즐겨 찾는 제주 아라동 맛집 코리아참숯불정육식당,https://blog.naver.com/86rikbsb/223867079261,코리아참숯불정육식당,제주 제주시 아란서길 79,#제주도민맛집#제주정육식당#제주아라동맛집,파이팅 넘치는 상호의 코리아참숯불정육식당은 제주 아라동 맛집으로 도민들이 즐겨 찾는 곳이다 제주대 근처이기도 해서 제주대 학생들도 방문하는 고깃집인 것 같았다 코리아참숯불정육식당 바로 옆에 공영주차장이 있어서 주차하기에도 정말 편했다 주말 저녁시간대 자리가 없으면 어떡하나 약간 걱정했는데 다행히 공영 주차장이 여유로웠다 제주 정육식당 영업시간은 다음과 같다 오후 4시에 오픈해서 밤 1030에 문 닫는다 고깃집이다 보니 저녁 장사를 하는 곳이었다 내부 공간이 매우 넓어 많은 고객들 수용할 수 있어 보였다 입구에 보니 아기의자도 있었다 테이블은 스테인리스 재질의 원형이었다 도란도란 모여 앉아 고기 굽기에 좋았다 직원 분들도 친절했었는데 수시로 돌아다니시면서 불판 상태 괜찮은지 체크해주신다 고기 숙성고 가득 채우고 있었던 제주산 돼지고기 제주 도민 맛집으로 흑돼지 보다 백돼지 위주로 취급하는 제주 아라동 맛집인데 백돼지 고기인데도 흑돼지처럼 쫄깃하고 두툼한 것이 특징이었던 곳이었다 우리는 숙성 근고기 600g를 주문하였다 2인분에 해당하는 분량이었고 고기를 사장님께서 직접 초벌구이 해주신다 고기 전문가가 맛있게 구워주기 때문에 더욱 감칠맛 나는 돼지고기를 먹을 수 있다 기본 상차림은 위 사진과 같다 셀프바가 있어서 필요한 반찬 양념소스 등은 직접 가져다가 먹으면 되니 번거로이 직원 호출을 하지 않아도 되어 나름 편했다 코리아참숯불정육식당은 고객감사 쿠폰서비스도 진행 중이어서 커피 쿠폰처럼 여러차례 방문하면 할인도 해주는 이벤트도 진행 중이었다 밑반찬으로 콩나물 무침 고사리 반찬이 있어 좋았다 그리고 백김치가 있어서 매운 것을 잘 못 먹는 아이들이 고기와 함께 곁들어 먹기에도 좋았다 특히 콩나물 고사리 무침은 고기 구울 때 불판에 올려 함께 구워 먹으면 밸런스가 좋았다 따로 직원 분께 요청하지 않았는데도 밝은 색 옷을 입고 온 나를 보시더니 일회용 앞치마를 가져다 주셨다 앞치마도 이렇게 가지런히 폴딩되어 있었다 제주 아라동 맛집 숙성 근고기 비주얼이 장난 아니다 살코기와 지방의 적절한 환금 비율 그래서 더욱 쫄깃 두툼함을 느낄 수 있었던 것 같다 구이용 버섯도 함께 나온다 코리아참숯불정육식당이 좋은 점은 기본 서비스로 계란찜과 청국장이 나온다는 점이다 보통 추가 비용을 내고 주문을 해야하는데 여기는 서비스로 밑반찬처럼 나오니 더욱 푸짐하게 고기구이를 즐길 수 있었다 초벌구이로 나온 숙성 근고기이다 육즙을 머금은 모습이 인상적이었다 돼지껍데기 부분도 서비스로 같이 나왔다 쫄깃쫄깃하게 먹을 수 있었다 이미 초벌구이되어 나온 고기이기 때문에 테이블 불판에서 구울 때에는 조금만 구워서 바로 먹으라고 사장님께서 친히 알려주셨다 정말 육즙을 머금은 숙성고기의 맛 파채 넣고 편마늘 넣고 상추쌈을 해서 먹으니 꿀맛이다 멜젓소스도 있기 때문에 기호껏 얌념소스를 이용하면 된다 제주 아라동 맛집 고깃집을 찾을 때 이 곳을 추천하는 바다 특히 두툼하고 쫄깃한 식감의 숙성고기를 좋아하시는 분들에게 #협찬 두툼하고 감칠맛 있는 숙성고기 맛집 정보 공유예요 제주대 근처 아라동 도민 맛집인데요 사장님이 초벌구이로 고기를 구워줘서 더 맛있는 고기를 먹을 수 있어요 #제주아라동맛집 #도민맛집 #제주도민맛집 #제주흑돼지맛집 #제주대맛집 #제주정육식당 #코리아참숯정육식당 #클립챌린저 mblognavercom 50m  NAVER Corp 코리아참숯불정육식당 제주특별자치도 제주시 아란서길 79 #제주도민맛집 #제주정육식당 #제주아라동맛집
제주 아라동 맛집 더스푼에서 맛본 디너코스2인,https://blog.naver.com/ugi0489/223832051303,더스푼,제주 제주시 구남동1길 45 1층,#제주아라동맛집#더스푼#제주더스푼,제주 아라동 맛집 더스푼에서 맛본 디너코스2인 INTRO 원래는 목적지인 성산 인근의 불특정식당이라는 곳에서 퓨전코스요리를 맛볼 예정이었다 그러나 그 식당의 위치가 노형동으로 이전이 됐고 예약도 마감되어 식사가 불가한 상태 그래서 양식먹는 날짜도 변경하고 제주시의 다른 곳을 물색해서 급하게 예약을 하여 들른 곳이 바로 오늘의 주제인 더스푼이라는 곳이다 The Starter Salad Antica Novella 22년산 바bar 자리에 앉을 경우 기다리는 동안 이렇게 조리과정을 일부 구경할 수 있다 물론 테이블도 있다 2인 Best MENU 150000원2인 2인 코스메뉴 구성 부라따치즈와 펜넬 콜라비 샐러드 제주 돌문어구이와 당근퓨레 통영굴 달래오일 콩피와 바게뜨 성게와 레몬향의 사르데냐식 스파게티 제주산 한우 암소 채끝 1 스테이크160g 티라미수 커피 에스프레소 허프차 택 2 적양상추 꼴라비 등 각종 야채에 부라따치즈를 올리고 펜넬회향를 섞어 향을 입힌 샐러드 피스타치오를 적당히 뿌려 고소함과 씹는 맛도 더했다 코스요리의 일번타자인 샐러드가 맛있으면 다음으로 나올 음식들에 대한 기대치 역시 올라가는데 이 날의 샐러드 역시 마찬가지 샐러드 당근퓨레를 곁들인 문어다리구이 문어표면은 조금 바삭하지만 속살은 굉장히 부드러워서 그 식감이 인상적이었던 요리 짧조름하게 기본간이 되어있고 달작지근한 퓨레와도 같이 먹기에 잘 어울린다 페스토에 버무린 녹두를 이리저리 깔아뒀는데 이게 또 별미다 문어구이 다음은 굴콩피라는 요리로 굴과 마늘을 볶아서 달래와 함께 오일을 내고 그 오일에 훈연한 굴을 넣어 완성한 것이다 콩피의 원래 뜻은 재료자체의 기름으로 익힌 것인데 요즘에는 오일을 이용한 요리를 범용적으로 부르기도 한다고 오일을 낼 때 굴을 일부 활용했으니 뭐 귀걸이 코걸이인 셈 알싸한 달래향이 익힌 굴과 멋드러지게 어울리는 요리로 감바스알아히요 마냥 바게뜨에 오일을 찍어먹어도 좋다  예를 들면 오리 기름을 따로 추출한 후 이 기름에 오리고기를 넣고 익힌 것을 오리콩피라 한다  마늘을 볶은 오리브오일에 새우를 넣고 익힌 요리 Oyster Confit 2412 방문이라 제철인 굴요리를 다뤘지만 계절별로 차이가 있을 것이라 본다 성게소우니를 한 숟갈 크게 얹어 마무리한 링귀네 오일파스타 사르데냐식 파스타는 절인 숭어알을 건조시킨 보타르가bottarga라는 재료를 즐겨쓰는 것으로 유명하다 우니와 보타르가의 농축된 바다향과 레몬의 밸런스가 절묘하게 맞아떨어지는데 수준급의 fine dining에 와있음을 느낄 수 있었던 요리 무피클을 몇 점 내주시는데 파스타에 이어서 피클을 한 입 먹으면 입속의 유질감이 깔끔하게 정리된다  얇으면서도 약간 넓적한 모양의 파스타면 성게소 오일파스타 루꼴라 토마토 양송이버섯을 곁들인 제주산 한우 채끝스테이크 고온에서 짧은 시간동안 표면을 구워 겉은 바삭하고 속은 촉촉하게 살아있어 아주 맛있게 먹었던 요리 고기맛도 맛이지만 함께 제공된 루꼴라도 역시 훌륭한데 바질과 오일 그리고 달콤함을 일부 더한 소스가 잘 어울리는 가니쉬이다 스테이크 전문점에서는 이처럼 가니쉬에도 크게 신경쓰는 모습을 볼 수 있는데 개인적인 경험으로 가니쉬가 맛있었다면 고기맛에도 의심의 여지가 없었다  흔히 시어링searing이라고 부른다 채끝스테이크 많이 달지만 그 달콤함이 고급스러웠던 티라미슈 디저트와 차 기타메뉴 내가 먹은 코스의 조합은 주방에서 best로 추천하는 음식들을 모은 것으로 당연히 개인 취향대로 단품요리를 주문해서 먹는 것도 가능하다 아래에 메뉴판을 공유하며 코스를 구성했던 문어 굴콩피 성게파스타 등의 음식들도 함께 보인다 주방과 잘 상의하셔서 본인 입맛에 맞는 최고의 조합을 찾아내시기를 단품 메뉴 주류메뉴 OUTRO 급하게 찾았지만 그 맛에는 변수가 없었던 레스토랑 코스메뉴 가격150000원2인이 꽤 나가지만 음식맛은 그 가격에 충분히 상응함을 보여줬다 캐쥬얼보다는 클래식에 더 가까운 레스토랑으로 라마다 제주시청점 등 검찰청 주변에서 격식있는 양식집을 찾는다면 추천드리는 곳이다  구색을 맞추려면 와인 한 병 정도는 필요하기에 더 그렇게 느껴졌다 제주 아라동 맛집 더스푼에서 맛본 디너코스2인
제주 아라동 맛집 한식 낙지볶음 점심 추천 정낭집,https://blog.naver.com/pigprincessofpigland/223831744395,제주정낭집 아라점,제주 제주시 인다2길 8 1층 101호,#정낭집#제주정낭집#정낭집아라점#제주아라동맛집#제주아라동식당#제주아라동한식#제주아라동점심#제주아라동점심맛집#제주아라동쭈꾸미#제주아라동낙지#아라동맛집#아라동맛집포장#제주시아라동맛집#제주시점심맛집#제주시점심추천#제주시쭈꾸미#제주시낙지볶음#제주시낙지맛집#제주시낙지연포탕#제주시낙지볶음맛집#제주시낙지볶음추천#제주시낙지전문점,오늘은 제주시 아라동에 위치한 제주 아라동 맛집 제주 아라동 점심 식사로 좋은 낙지볶음 맛집 제주 정낭집 아라점에 방문하였다 제주도 내에서 낙지볶음 맛집으로 유명해서 이미 몇몇 군데 지점이 생긴 곳 제주 아라동 맛집 정낭집은 작은 도로변에 위치해 있으며 전용 주차장은 없다 주변 무료 공영 주차장이 많고 골목길에 주차 공간이 많아 주차는 어렵지 않게 할 수 있다 제주 아라동 맛집 정낭집은 브레이크 타임이 따로 없어 애매한 시간에 방문하여도 식사 가능 실제로 나도 15시 30분에 방문하였다 그런데도 몇몇 테이블에 손님들이 계셨다 매장은 생각보다 넓었으며 10개 이상의 테이블이 있었다 8명이 앉을 수 있는 단체 테이블이 있어 단체 손님도 가능 원래 인기가 많은 맛집이라 그런지 유명인 사인들도 보였다 제주 아라동 맛집 제주 낙지볶음 맛집 정낭집 메뉴 낙지볶음도 있고 쭈꾸미 볶음도 있고 탕탕이 메뉴와 갈비찜부터 연포탕까지 다양한 메뉴들이 있었다 든든한 식사 메뉴로도 좋고 술안주 먹으러 오기도 좋은 곳 나를 포함한 일행 3명은 낙삼 3인분과 낙지해물파전 하나를 주문하였다 볶음류는 보통맛 매운맛 선택도 가능 맵찔이 일행들과 함께 오는 바람에 보통맛으로 선택하였다 기본으로 나오는 반찬 콩나물과 미역 계란말이 계란후라이 계란말이와 계란후라이는 인당 하나씩 나오는 듯 이미 몇 번 온 적 있는 일행이 꿀팁을 알려줬는데 계란 후라이와 콩나물은 나중에 낙지와 함께 비빔밥 만들어 먹을 때 같이 먹으면 맛있다고 말해주었다 셀프바에는 훨씬 다양한 반찬들이 있었다 오징어 젓갈 옛날 분홍 소시지 비엔나소시지 어묵볶음 콘 옥수수 콩자반 쌈무 김치 등등 완전 밥도둑들 모임 철컹철컹 먼저 나온 밥과 된장찌개 낙지볶음을 주문하면 밥과 된장찌개도 기본으로 나오고 된장찌개도 1인 1 된장찌개 이렇게만 먹어도 든든할 것 같은데 낙삼낙지삼겹살 3인 1인 14000 낙지해물파전 20000 두둥 두둥 전체적으로 양이 굉장히 많아서 놀랐다 낙지해물파전 파전 크기 무슨 일 피자랑 비슷한 크기 겉이 바삭바삭하게 정말 잘 구워졌다 이쁘게 잘라 달라고 요청했더니 긴장한 일행 파전이 너무 두툼하지 않아서 바삭하게 구워진 식감이 더 잘 느껴졌다 끝부분뿐만 아니라 가운데 부분 모두 너무 고르게 잘 구워졌다 아주 이븐 하게 익었다 새우와 낙지 해물이 꽤 많이 들어가 있어서 좋았다 낙삼 낙지  삼겹살 3인 때깔 아주 먹음직 통통하고 쫄깃한 낙지와 잘 구워진 삼겹살 매콤새콤달콤한 양념으로 남녀노소 호불호 없이 먹을 수 있을 듯한 낙지볶음 다양한 반찬과의 조합도 맛있고 쌈 싸 먹어도 맛있고 낙지볶음 양도 정말 많아서 엄청 든든하게 먹을 수 있었다 낙지볶음 밑에 숨어 있던 소면 소면도 별미 소면은 모자라면 더 리필해 주신다고 하신다 완전 혜자 한국인의 후식은 역시 면 아니면 밥 취향에 맞게 다양한 재료 반찬을 넣어 만들어 먹을 수 있다 콩나물 계란후라이 김가루 낙지볶음 밥으로 낙지 비빔밥 만들어 먹기 제주시 아라동 맛집 한식 쭈꾸미 점심 맛집 정낭집 비엔나 소세지 어묵 볶음 오징어 젓갈 옥수수 콘 등 다양하고 수많은 기본 반찬들과 맛있는 메인 반찬들을 먹을 수 있는 곳 인당 한뚝배기씩 된장찌개가 나오고 낙지볶음 양도 푸짐 해물파전은 피자마냥 양이 아주 푸짐하게 나오는 곳 남녀노소 누구나 좋아할만 한 맛의 매콤달콤새콤 낚지볶음 든든한 식사로도 좋고 안주로 먹기도 좋은 곳 주문메뉴 낙삼 3인분 해물파전 #정낭집아라점#제주정낭집#제주아라동맛집#아라동맛집#아라동점심맛집#아라동한식맛집#아라동점심맛집#아라동쭈꾸미맛집 mblognavercom 먹보공주 평 다양하고 수많은 반찬들로 든든하게 먹을 수 있는 곳 매콤새콤달콤 양념으로 남녀노소 호불호 없이 먹을 수 있는 푸짐한 낙지볶음 바삭바삭 이븐 하게 잘 구워진 해물파전 전체적으로 양도 많아 든든하게 맛있게 먹기 좋았다 제주정낭집 아라점 제주 제주시 인다 2길 8 1층 101호 영업시간 1100  2200 매달 13번째 일요일 정기 휴무 050713932842 50m  NAVER Corp 제주정낭집 아라점 제주특별자치도 제주시 인다2길 8 1층 101호
제주시내맛집 시머폿 아라동 점심 맛난 제주대학병원맛집,https://blog.naver.com/kyoung8932/223809510116,시머폿,제주 제주시 인다1길 65 1층 시머폿,#제주아라동맛집#제주시내맛집#아라동점심#시머폿#제주대학교병원맛집#제주데이트맛집#제주데이트#카페같은분위기식당#제주한식맛집,#제주아라동맛집 #제주시내맛집 #아라동점심 #시머폿 #제주대학교병원맛집 #제주데이트맛집 #제주데이트 #카페같은분위기식당 #제주한식맛집 제주 도착한 다음날 본격적인 여행을 위해 맛난 식사 든든하게 하려고 제주 아라동 맛집 방문했어요 아라동 점심 맛난 곳으로 제주대학교병원 근처에 위치해 주변에 계신 분들 많이 방문하는 제주시내맛집이라고 하더라구요 바로 카페같은 분위기 식당 시머폿입니다 주차는 건물 앞 뒤로 7대 정도 가능하다고 해요 주차걱정 안해도 되는 제주시내맛집입니다 제주 제주시 인다1길 65 1층 영업시간 11002030수요일 휴무 15001730 브레이크타임 050714072730 50m  NAVER Corp 시머폿 제주특별자치도 제주시 인다1길 65 1층 시머폿 아라동 점심 맛집이라 점심시간에는 손님들 많다고 들어 아예 저흰 오픈런했어요 덕분에 1착으로 매장입성했습니다 대기 없어 좋으네용  매장 들어가보곤 깜놀 진정 이곳이 제주 한식맛집인가 싶어요 카페 아니냐구요 분위기 넘 좋아요 시머폿은 카페같은 분위기 식당입니다 제주시내맛집 시머폿 아라동 점심 맛난 제주대학병원맛집 재생 3 좋아요 0 0011  접기펴기 제주시내맛집 시머폿 아라동 점심 맛난 제주대학병원맛집 3인 4인 테이블 등이 있고 바테이블도 있어 혼밥도 가능한 시머폿입니다 식물화분들과 원목으로 인해 따스한 분위기 연출해요 물이랑 냅킨 앞접시 등이 있는 곳도 이쁨 뿜뿜 화장실에 제주포스터도 귀염귀염해용 일단 테이블 잡고 앉아 메뉴판보고 주문부터 해요 메뉴판은 사진과 함께 메뉴설명이 되어있어 좋아요 저흰 식사메뉴 3개 골랐어요 3500원 추가하면 에이드나 감자고로케 나오는데 감자고로케 추가했어요 흑돼지 돌솥 덮밥 13000원 낙지 볶음 덮밥 14000원 마나리 간장 낙지 덮밥 13000원  감자고로케 2p 제주시내맛집 아라동 점심 맛난 시머폿의 기본찬 나왔습니다 깍두기 양배추샐러드 마늘쫑 장아찌 두부튀김 샐러드에 황태해장국까지 정갈해용 수저와 냅킨은 테이블 옆에 있어요 이것도 이쁨 뿜뿜 샐러드는 드레싱이 완전 취저 야채 싱싱해서 굿 두부튀김 인당 2p 씩 나와요 기본찬으로도 나오지만 사이드로 추가할 수 있어요 요거 담백하니 맛있더라구요 감자고로케도 바로 튀겨나와 뜨거움 주의 맛있어요 황태해장국은 한꺼번에 나와 작은 국그릇에 나눠드심 되요 동생은 주부 9단 실력발휘 밖에서도 열일입니당  새우젓으로 간을 해 깔끔하고 시원합니다 메인 식사들 나왔어요 컬러도 다채로운 한식 한상입니다 간단하게 빵과 커피만 먹고 나와 맛있는 한식 한상 나오니 허겁지겁 먹게 되네용  제주시내맛집 시머폿 아라동 점심 맛난 제주대학병원맛집 재생 0 좋아요 0 0016  접기펴기 제주시내맛집 시머폿 아라동 점심 맛난 제주대학병원맛집 제주 한식 맛난 시머폿의 한그릇 음식으로 만난 낙지 복음 덮밥입니다 낙지한마리가 통째로 들어가 있어 먹기 좋게 자른 후 비벼먹음 되요 맵기는 조절 가능해요 기본이 신라면 정도 맵기라 저흰 그대로 먹었어요 적당히 맛있게 매운 낙지 볶음 덮밥이었어요 미나리 간장 낙지 덮밥입니다 요건 낙지 볶음 덮밥과는 완전 달라요 데친 낙지를 맛 간장에 숙성해 올렸다고 합니다 생미나리와 계란 노른자 버터가 더해져 봄내음 물씬 풍기는 그런 메뉴에요 요거 완전 별미 이런 덮밥 처음이라는 담에 제주오면 또 먹고 싶어요 흑돼지 돌솥 덮밥입니다 제주하면 흑돼지지요 맛난 흑돼지에 돌솥 조합이라니  숯불에 구운 흑돼지 올려주고 싱싱한 야채들 듬뿍에 계란까지 톡 지글지글 돌솥에 나와 마지막 한숟가락까지 뜨겁게 맛있게 먹을 수 있어요 제육볶음과는 다른 맛 마지막엔 살짝 누른 밥이라 더 맛나용 제주시내 아라동에 위치한 점심 맛집 시머폿에서 맛있는 한식 덮밥 먹어보았는데용 깔끔하고 아늑한 카페같은 분위기 식당이라 더 맘에 들더라구요 제주 데이트하신다면 정말 추천하고 싶은 한식 맛난 제주시내맛집이에요 제주대학병원맛집으로 주차 편한 곳이라 아라동 점심 드실 곳 찾는다면 시머폿 추천합니다 깔끔한 한식이 맛난 제주맛집입니다
제주 아라동맛집 lt컬쳐드gt 아라동 현지인들의 가성비 최고,https://blog.naver.com/davidum/223876179512,컬쳐드,제주 제주시 승천로 81 1층 컬쳐드,#제주아라동맛집#컬쳐드#아라동파스타맛집#아라동피자맛집#아라동맛집#제주양식맛집#제주로컬맛집#제주시맛집추천#제주데이트맛집#제주점심식사#제주가성비맛집#제주샐러드맛집#제주피자맛집#제주파스타맛집#제주현지인맛집#제주여행코스맛집#아라동파스타#아라동점심메뉴#제주맛집리뷰#제주여행,제주 아라동맛집 로컬 양식 맛집 컬쳐드 제주 아라동맛집 찾고 있다면 분위기 좋고 음식도 정성 가득한 컬쳐드를 추천한다 아는 언니가 지난번 제주여행때 너무 맛있게 먹었다고 추천해서 우리도 제주여행 중 들르게 된 아라동 맛집이다 제주 아라동맛집 양식 맛집 컬쳐드 제주 제주시 아라이동 300310 영업시간 11시 21시 브레이크타임 15시17시 라스트오더 1350 1950 매주 수요일 휴무 050713845904 컬쳐드후문 한라산방향 60m 공영주차장주말 공휴일 무료 50m  NAVER Corp 컬쳐드 제주특별자치도 제주시 승천로 81 1층 컬쳐드 저 멀리서도 보이는 컬쳐드 외관 제주 사람들은 여기 옵니다 컬쳐드 현지인 로컬 맛집이라는  파스타 샐러드 리조또 피자 포장은 10할인 아라동에서 컬쳐드 찾는데 가로수가 야자수인 아라동  낯설지만 넘 이쁜 동네다 11시 저녁9시까지 영업하지만 재정비를 위해 3시5시 브레이크 타임 브레이크타임 전 라스트오더가 1시50분인데 우리는 1시 45분에 도착  브레이크타임의 라스트오더 시간에 아슬아슬하게 도착해서 조용히 먹을 수 있었다  컬쳐드는 깔끔하고 감성적인 인테리어 정갈한 메뉴 구성 그리고 섬세한 맛까지 다 갖춘 제주시 맛집이자 진짜 알짜배기 제주 로컬맛집이다 Next image 특히 점심시간에 방문하면 피자파스타샐러드 구성의 런치세트가 38500원인데 음료까지 무료 제공이어서 진짜 가성비가 말도 안됨 혜자다 여행지에서 이 정도 퀄리티에 이 가격이면 무조건 만족이다 원산지표시도 잘 되어있고 단체석도 있음 이번 여행은 남편이랑 함께 했는데 남편이 식단조절중이라 샐러드를 먼저 골랐고 나는 피자를 시킴 런치세트로 먹을까 했지만 다 못먹을 것 같아서 연어샐러드와 고르곤졸라피자를 주문했다 둘 다 진짜 기대이상 컬쳐드는 음료가 무료인지 모르고  자몽에이드와 레몬에이드도 주문함  그런데 무료로 감귤주스와 커피도 주심 감사합니다  자몽에이드 진짜 푸짐한 자몽이 톡톡 터진다  레몬도 아낌없이 넣어줌 인심 최고인데 맛도 있고 #제주아라동맛집 #컬쳐드 생연어 샐러드 19000원 푸짐한 생 연어가 부드럽고 두툼했고 신선한 채소와 산뜻한 드레싱이 완벽 남편도 나도 넘 맛있게 먹었다 비린맛 01도 없음 넘 신선해 직접 만든 드레싱 진짜 맛나더라 #아라동파스타맛집 드레싱도 연어랑 너무 잘어울림 #아라동피자맛집 고르곤졸라피자는 그냥 피자가 아님 일반 도우가 아니고 페스츄리도우 겉은 바삭하고 속은 부드럽다  치즈의 진한 풍미에 꿀을 찍어 먹으면 단짠단짠 조합이 녹아내린다  맛있고 감각적인 공간이라 제주 데이트 맛집으로 손색이 없고 가족모임 친구모임 모두 좋아할 만한 찐 맛집 인정 맛있어요 싹 비웠어요 언니 덕분에 오게 되었는데 기대이상 맛있고 고급지고 가격도 착하고 양도 많고 파스타 종류도 다양하고 이 두가지 메뉴가 이렇게 맛있다면 다음에 제주 여행 오게되면 다른 파스타 메뉴도 다 맛있을 것 같다 제주시 아라동에 위치해 있어서 접근성도 좋고 제주 로컬 현지인들에게도 제주여행객들에게도 인기가 좋은 제주 로컬 맛집이다 브레이크 타임 1500 1700 제주 아라동에서 찾은 로컬 양식맛집 컬처드는 분위기 좋은 인테리어와 정성 가득한 요리 가성비 런치메뉴 친절한 직원분들 모든 것이 만족스러운 시간이었다 제주에서 제주민이 찾는 로컬감성을 느끼며 맛있는 식사를 원한다면 컬쳐드 강력 추천 재방문의사 1000 #제주아라맛집 #아라동맛집 #컬쳐드 #제주양식맛집 #제주공항근처맛집 #제주시맛집 #제주가성비맛집 #제주파스타 #제주피자 #제주맛집 mblognavercom #제주아라동맛집 #아라동맛집 #제주여행 #제주양식맛집 #제주로컬맛집 #제주시맛집추천 #제주데이트맛집 #제주점심식사 #제주가성비맛집 #제주샐러드맛집 #제주피자맛집 #제주파스타맛집 #제주현지인맛집 #제주여행코스맛집 #아라동파스타 #아라동점심메뉴 #제주맛집리뷰
100일데이트 제주 아라동 맛집 시머폿,https://blog.naver.com/jhb916/223673951803,시머폿,제주 제주시 인다1길 65 1층 시머폿,#100일데이트#제주아라동맛집#시머폿#제주시머폿#아라동맛집#제주100일데이트#100일데이트코스#제주맛집,50m  NAVER Corp 시머폿 제주특별자치도 제주시 인다1길 65 1층 시머폿 꽁냥 꽁냥 이제 사귀는 커플 100일 기념 할만한 100일데이트 제주 아라동 맛집 시머폿 이용정보 주소  제주시 인다1길 65 1층 영업시간  아침 11시  오후 8시 30분 브레이크타임  오후 3시  오후 5시30분 라스트오더  오후 2시 오후 7시 30분 정기휴무  매주 일요일 문의전화  050714072730 처음 여자친구를 사귀고 100일이 되어갈 무렵 어디 근사한 레스토랑에서 식사 하려면 어림잡아 1인당 3만원 이상은 하는데 그 가격에 가서 분위기 잡고 밥먹기에는 가격이 너무 비싸다 그래서 내가 초이스 한곳은 제주 아라동 맛집 시머폿 인데 제주대학교 병원 가는 길 방향에 주택골목 단지에 있는 식당 인근 주차장에 주차후 식당으로 들어갔다 제주 아라동 맛집 깔끔한 내부 인테리어는 아기자기 하고 고풍스런 이미지 이다 여자친구도 만족해 하는 눈치 여기가 식당이라고는 생각하기 힘든 아담한 100일데이트 공간 화분과 인테리어 소품을 곳곳에 배치하여 따스하고 포근한 느낌이다 내가 종종 점심먹으러 오던 곳인데 여자친구랑 오게 될줄이야 흰색 벽돌 창문 너머 보이는 시티뷰 뭉게구름이 둥실 떠다녀 그림같은 풍경이 이국적이다 메뉴는 4가지 흑돼지돌솥덮밥 흑돼지숙주가지덮밥 낙지볶음덮밥 미나리간장낙지덮밥 여기는 덮밥 전문점이다 메뉴는 총 4가지 음식 마다 세트메뉴가 있는데 3500원을 추가하면 레몬에이드  고로케 2중 하나 선택할 수 있다 기본으로 나오는 상차림은 정갈하고 복어미역국 샐러드 김치 장아찌 두부부침 100일데이트 제주 아라동 맛집 시머폿 재생 7 좋아요 0 0014  100일데이트 제주 아라동 맛집 시머폿 상큼한 드래싱소스가 곁들여진 야채샐러드를 몇점 먹자 입맛이 확 살아난다 부족하면 리필도 가능합니다 부침개 종류인데 선뜻 이름은 잘 모르겠다 처음에는 두부부침개 인지 알았는데 맛과 식감은 딴판이고 오코노미야끼의 맛과 동일한데 부드러운 맛과 단짠한 양념맛이 잘어우러져 맛있다 흑돼지숙주가지덮밥 이다 숙주 가지의 식감을 고스란히 살려내 불맛과 양념맛이 잘 베어들었고 밥에 흑돼지고기 비벼 먹을 수 있는 한식과 중식의 중간적인 맛 일명 퓨전음식이다 다만 양념맛은 간장을 베이스로 한것만 같고 재료의 맛을 살려내 먹을 때마다 전해지는 야채의 식감이 기분좋았고 양도 적당해서 여성 혼자 다 먹기에는 양이 조금 많다 지글지글 끓어오르는 돌솥에 갖은 야채와 흑돼지고기 듬뿍 들어간 한국의 돌솥비빔밥과 동일한 비주얼 고소한 냄새가 솔솔 풍겨오는데 색감을 잘 살려낸 작품이다 속안의 고추장 소스를 밥이랑 슥삭 비벼 먹으면 되는데 달걀노른자 톡 터트려 비비니 잘비벼진다 그냥 먹어도 맛있었지만 반찬이랑 올려 먹으니 훨씬 낳다 매운 맛이 덜하고 토마토가 들어가 매운걸 잘 못먹는 서양인들도 즐겨 먹을만한데 완전 변형된 맛이라 할 수 있다 여기에 콩나물과 다른 나물 종류를 좀더 넣어 먹으면 훨씬 맛있을것만 같다 한국식 스타일과는 거리가 조금 멀어서 퓨전음식임은 확실하다 식사를 마무리 하고 나서 청귤에이드로 입가심 하고나니 입안이 상쾌하고 식사 후 적당히 배가 차올라 점심 100일데이트 코스로 선택하기 잘한듯 하다
제주 아라동 도민 맛집 문경회센터,https://blog.naver.com/daisy1505/223447260425,문경회센터,제주 제주시 인다7길 10 문경빌라,#제주도민맛집#제주아라동도민맛집#제주아라동맛집#문경회센터,제주 아라동 도민 맛집 문경회센터 제주 입도했을 때부터 가끔 회 생각이 날 때마다 자주 찾는 제주 도민 맛집 제주시 아라동 문경회센터를 소개해 드릴게요 푸짐하게 싱싱한 자연산 회를 맛볼 수 있는 곳이랍니다 기분 좋은 식사 후기 남겨볼게요 1 제주 아라동 문경회센터 위치 제주시 인다 7길 10 문경빌라 영업시간 오전 11002200 브레이크타임 15001700  매주 월요일 휴무 문경회센터는 제주공항에서 차로 20분 정도 거리로 아침미소목장이나 마방목지 절물자연휴양림 가는 길 잠시 들러 식사하고 가기 좋은 아라동에 위치하고 있답니다 식사 후에는 조천 쪽 돌문화공원 에코랜드 산굼부리 등 제주 여행 시 동선도 좋은 편이죠 건물 내 전용 주차장도 있구요 바로 맞은편 공터 주차공간도 있으며 근처 공영주차장도 있으니 주차 걱정 없이 오셔서 편하게 식사할 수 있답니다 입구 앞 수족관이 있어서 신선한 물고기도 구경할 수가 있답니다 이제 매장 안으로 들어가 볼게요 2 매장 내부 원래 제주 도민 맛집으로 입소문 난 곳이어서 일부러 브레이크타임이 끝난 조금 이른 저녁 한적한 시간에 갔었어요 매장 내부가 깔끔하고 쾌적한 느낌이구요 입식 테이블 자리 말고도 사이드 쪽에 룸 타입의 좌식 테이블 자리도 있어서 소규모 모임 가족모임 회식 친구들과의 모임 등을 할 때도 좋을 것 같았어요 센스 있게 유아 의자도 갖춰져 있었어요 3 회 코스 메뉴를 살펴볼까요 우선 눈에 띄는 점심 특선 회 정식은 11001400까지 1인분 2만원으로 다채로운 메뉴들을 푸짐하게 즐길 수 있어서 괜찮더라구요 A코스 34인용 150000원 B코스 34인용 120000원 C코스 23인용 100000원 스페셜코스34인용200000원 위 코스에서 참돔이 들어가는 회 코스로 주문하면 2만원씩 추가되는데요 자연산 회를 먹을 수 있답니다 자연산 참돔이 들어가는 참돔회 B코스를 주문했어요 34인 가족 모두 푸짐하게 즐기기 좋은 양이었어요 4 기본 밑반찬 코스요리에서 애피타이저로 나오는 전복죽은 고소한 맛이 입맛 돋워주기 딱 좋았답니다 이어서 나오는 게살 샐러드 해초 샐러드가 상큼하니 야채들 먼저 먹으면서 맛있는 스끼다시를 즐겼어요 멍게 뿔소라회 뿔소라숙회 전복회 새우장 광어초밥에 비싼 한치회까지 나와서 얼마나 행복했는지 몰라요 해산물 파티 해산물을 제대로 다양하고 다채롭게 즐길 수 있었는데요 오독오독 식감의 신선한 뿔소라는 제주 바다의 풍미가 느껴졌답니다 개인적으로 좋아하는 전복회는 고소한 참기름 소금장에 콕 찍어서 먹으면 얼마나 고소하고 조화로운지 몰라요 정말 꿀맛이랍니다 쫀득한 식감의 한치회는 또 어찌나 맛있던지 부드러우면서도 쫀득한 식감이 예술이에요 초장 콕 찍어 먹으면 입에서 사르르 녹아버려요 5 자연산 회 메인메뉴 자연산 참돔 광어가 나오자마자 물개박수가 나왔어요 횟감이 두툼하게 썰어져서 식감이 더욱 쫀득쫀득 씹을수록 고소한 맛이 일품이였구요 자연산이라 그런지 비린맛 전혀 없이 신선함 그 자체 엄지 척 나올 수밖에 없는 맛이었죠 상추 깻잎에 상큼한 해초 샐러드 쌈장과 함께 쌈 싸서 먹으니 바다의 깊고 풍부한 맛을 그대로 즐길 수가 있었답니다 개인 입맛에 따라 초장 쌈장 마늘 고추 백김치 등을 함께 곁들여 드셔보세요 특히 백김치와 두툼한 회 두 가지의 조합은 정말 찰떡궁합이죠 6 끝나지 않은 스끼다시 보기만 해도 바삭해 보이는 고구마 쑥 튀김은 겉은 바삭 속은 촉촉해서 배불러도 손이 가는 맛이었어요 전복 버터구이 메로구이 새우구이가 나오는데 고소한 버터 풍미가 좋았던 전복구이에 야들야들 부드러운 메로구이 생선살은 입에서 사르르 녹았답니다 사실 끝날 때까지 끝난 게 아닌 테이블 가득한데요 스끼다시 하나 중 게우볶음밥은 진실의 미간이 나오는 찐 맛이라 딸아이가 배부르다더니 맛있는 건 알아가지고 그릇째 싹싹 다 긁어먹었지 뭐예요 톡톡 씹히는 날치알 식감까지 재밌었어요 매운탕은 지리탕으로 먹을지 매콤하게 매운탕으로 먹을지 식사 중간에 물어보는데 지리로 선택해서 먹었거든요 깊게 우러나온 맑은 국물이 한입 먹어보고 진짜 반했었어요 국물 맛이 입안을 깔끔하게 정리해 주는 맛이라 마무리로 제격이었죠 제주 아라동 도민 맛집 문경회센터 재생 18 좋아요 2 0047  제주 아라동 도민 맛집 문경회센터 모든 푸짐한 자연산 회코스를 좋은 가격에 다채롭게 즐길 수 있어서 제주 도민 맛집으로 추천해 드립니다 회가 생각날 때 이곳 제주 아라동 도민 맛집 문경회센터 방문해 보세요 참고로 회 포장도 되니 포장해서 숙소가서 드셔도 좋을 것 같아요 50m  NAVER Corp 문경회센터 제주특별자치도 제주시 인다7길 10 문경빌라 #제주도민맛집 #제주아라동도민맛집 #제주아라동맛집 #문경회센터
제주 아라동 맛집 탄탄면공방 라멘 맛보기,https://blog.naver.com/jmsjkim/223923218040,탄탄면공방 제주점,제주 제주시 도남로 189 106호,#제주아라동맛집#탄탄면공방#탄탄면맛집#아라동혼밥#아라동아침,여름엔 시원하게 겨울엔 뜨끈한 한 그릇으로 코엑스 파르나스몰에서 탄탄면공방을 처음 접해봤었는데 제주에도 생겼다는 걸 얼마전에 알고서 제주 아라동 맛집으로 향했어요 생활의 달인 30년 경력의 명장이 만든 한국식 탄탄면전문점으로 전국 체인점이 꽤 있답니다 본점은 7년 연속 블루리본서베이 맛집이예요 미국맛집 추천가이드 중 하나인 레스토랑 그루에 2023년 추천 레스토링으로 선정되기도 했을 만큼 식사한 고객들에게 맛으로 인정받은 탄탄면맛집입니다 탄탄면공방 제주점 주소 제주시 도남로 189 106호 주차 전용주차장 영업 09001500 휴무 일요일 메뉴 라면 국밥 비빔면 교자만두 순살치킨 서비스 영수증리뷰 50m  NAVER Corp 탄탄면공방 제주점 제주특별자치도 제주시 도남로 189 106호 #제주아라동맛집 #탄탄면공방 #탄탄면맛집 #아라동혼밥 #아라동아침 제주 아라동 맛집 탄탄면공방 라멘 맛보기 재생 2 좋아요 0 0016  제주 아라동 맛집 탄탄면공방 라멘 맛보기 위치와 주차 제주시내에 있습니다 연북로 모던하우스 사거리에서 이도초등학교 방향으로 좌회전합니다 도로변 우측 우리올레마트옆 건물 1층에 위치해요 주차는 건물끼고 돌면 전용주차장이 있어요 주차비는 매장 안에서 차번호입력하면 무료주차가능했습니다 분위기 다찌석으로 되어있는 아담한 공간이예요 혼자 먹어도 부담없는 테이블여서 아라동혼밥집으로 들리셔도 좋아요 저녁까지 하면 술한잔하기도 좋은 분위기지만 오전 9시부터 오후3시까지만 영업하기에 제주 아침 점심 밥집으로 들려보세요 이도초인근 구남동맛집입니다 메뉴와 주문방법 세트 1인 혼탄세트 138 메인 1간장계란밥 탄탄교자세트 143 메인1 육고명튀김교자2p 2인 탄탄세트 290 메인 2교자2p바삭순살닭튀김150g 단품 식사 탄탄면 108 청양탄탄면매운맛 2단계 110 사천탄탄면아주 매운맛3단계매운맛 차슈탄탄면 치즈탄탄면눈꽃치즈  새우탕면 마라탄탄면마라탕면 각 115 2단계매운라면 정도의 맵기 카츠탄탄면 120 돈코츠라멘 99 새콤비빔탄탄면 100 시원한 맛  사이드 육고명튀김교자 2p 40  3p 60 바삭순살닭튀김 150g 48  300g 93 간장계란밥 35 토핑 추가 반숙맛계란  육고명추가  모짜렐라치즈 각 15 입구 키오스크에서 주문결제합니다 면은 밥으로 변경가능해서 국밥식으로도 먹을 수 있어요  식사후기  2인세트 메인 차슈 카츠면으로 주문했어요 다이에 단무지 볶음김치 다진 마늘이 놓여있으니 미리 종지에 덜어서 먹는답니다 다찌석 앞 깨끗한 주방이예요 1인 세프 사장님이 바로 조리하는 요리과정을 지켜보면서 음식 나오기 전에 맛있게 먹는 방법을 읽어보았답니다 짜잔 주문 음식이 준비되었어요 예전에 먹을 때도 무척 인상적였던 항아리 그릇 백자 달항아리로 나옵니다 멋스러워요 움푹한 디자인이라 양도 많답니다 서울서 먹어봤던 기억이 되살아나면서 얼른 젓가락을 들었어요 커플 세트290원는 메인식사 2가지와 사이드가 함께 나와서 양 많은 성인 남자 두분이 먹어도 든든한 구성이랍니다 차슈탄탄면 삼겹 차슈와 아지다마고가 가지런히 올려 나오는 한그릇의 비쥬얼이 먹음직스러위요 구수하면서 진한 국물은 사골로 우린 깊은 맛이 휼륭하답니다 묘하게 느껴지는 고소함 또한 이곳의 매력인 것 같아요 그리 맵지 않은 깊은 맛이예요 부드러운 차슈와 면을 야채와 곁들여 먹었을 때의 입안에서 풍기는 맛 향의 조화는 굉장히 다채롭답니다 차슈의 단백 부드러움 숙주의 아삭함 생면의 찰짐에 국물의 고소하고 진함까지 은은한 숙주향이 아주 좋아요 반숙이 계란은 국물을 적셔 안내문에 따라 먹어봅니다 계란은 추가토핑도 가능해요 카츠탄탄면 120 일본식으로는 카츠라멘을 많이들 드시는데 여기서는 대민식 카츠탄탄면으로 먹어볼 수 있어요 대만식이지만 향신료맛 가미되지않아 한국인 입맛에 맞춤 한국식으로누구나에게 호불호가 없답니다 두툼한 돈까스가 먹기좋게 잘려있고 야채와 함께 토핑으로 얹어 나왔어요 한 면은 바삭하고 반대 면은 촉촉한 튀김피가 교차되는 식감도 휼륭 특히 구수한 국물과 함께 먹는 돈까스의 새로운 버젼이였습니다 사이드는 한접시에 순살치킨튀김과 군만두가 나왔어요 교자만두 정말 크고 통통합니다 일반 만두 두세 배정도예요단품가격으로 생각하면 비싼 강이 없진않았지만 꽉찬 고기속 고명을 보면 세트구성으로 좋았답니다 교자 또한 국물에 담궜다 먹어도 보세요 풍부한 맛이 더 진해진답니다 면을 반정도 먹은 다음은 안내문대로 다진 마늘소스를 넣어 먹어봅니다 아삭아삭 씹히는 식감이 있는 마늘소스를 넣음 확실히 깔끔한 맛이 좋아요 마늘 좋아하시는 분은 처음부터 넣어드셔도 무방하겠어요 리뷰쓰면서도 입에선 군침이 도네요 아직 그때의 맛을 뇌가 기억하는군요 제주 아라동 맛집 탄탄면공방 제주점 라멘집 점심밥집으로 들려보세요 추천합니다
제주 아라동 맛집 아이와 가기좋은 식당 홍익돈까스,https://blog.naver.com/miyoun92/223724702159,홍익돈까스 제주아라점,제주 제주시 중앙로 501 1층 홍익돈까스,#제주맛집#아라동맛집#아이와가기좋은식당#하리보해피월드근처맛집#제주아이와가기좋은식당#제주아라동맛집#제주돈까스맛집,제주 아라동 맛집 아이와 가기좋은 식당 홍익돈까스 글사진 션앤슈  주소 제주시 중앙로 501 1층 홍익돈까스  영업시간 11시  21시 브레이크타임 14시 30분  17시 라스트오더 20시 30분 주말은 30분 일찍 마감  주차가능 전용 주차장 있음  전화 0647029275  화장실 건물 내 남녀구분 화장실 있음  인스타그램 제주도 홍익돈까스아라점hongikjejuara  Instagram 사진 및 동영상 팔로워 520명 팔로잉 959명 게시물 98개  제주도 홍익돈까스아라점hongikjejuara님의 Instagram 사진 및 동영상 보기 naverme 가게 위치 및 외관 제주시 아라이동에 위치한 홍익돈까스 제주아라점은 그날그날 준비하는 신선한 재료로 만든 왕돈까스와 롤까스 파스타 볶음우동 등을 먹을 수 있는 제주 아라동 돈까스맛집이다 제주공항 근처에 위치해 있다 보니 여행의 시작과 끝에 방문하기에 접근성이 좋으며 가성비 좋은 가격으로 배부르게 먹을 수 있는 도민맛집으로 유명하다 주차정보 가게 앞 주차공간과 건물 뒤편으로도 넓은 주차공간이 마련돼있어서 편리한 주차가 가능하다 가게 내부 분위기 건물 입구로 들어서서 왼편으로 가게 입구가 보이고 다양한 피규어 레고 등을 볼 수 있음 가게 입구에 세면대가 있어서 식신 전후 손 씻기도 좋으며 어른과 아이들 모두 좋아할 만한 레고와 피규어 등이 전시돼있어서 기다리는 동안 지루하지 않게 시간을 보낼 수 있다 대기명단 제주도민 가성비 맛집이다 보니 점심시간에는 웨이팅이 있는 편이다 명단 작성 후 미리 메뉴판을 확인하며 기다리면 된다 넓은 오픈형 주방 가게 내부가 매우 넓고 쾌적한 편인데 오늘도 역시 손님들이 많아서 대기를 하다가 자리를 안내받아서 들어갈 수 있었다 직원분들이 모두 친절하시다 유아용 식기 유아의자 유아용 식기가 중앙에 준비돼있어서 필요한 만큼 챙겨가면 된다 유아의자도 구비돼있다 보니 어린아이와 함께 방문하기에 좋은 식당이다 화장실 건물 입구에 남녀 구분된 화장실이 있다 보니 편리한 이용이 가능하다 메뉴와 가격 테이블에 수저통 있음 모든 테이블에 비치된 키오스크로 편리한 주문이 가능하며 메뉴도 아주 다양하다 왕돈까스13000 돈까스정식12500 볶음우동11900 까르보나라13000 등 다양한 메뉴와 세트 구성이 많기 때문에 기호에 맞게 선택할 수 있다 홍익돈까스 식사후기 왕 큰 음료 먼저 콜라와 사이다가 나왔는데 음료 컵 사이즈가 굉장히 컸다 이재모피자에서 봤던 왕 큰 컵이 홍익돈까스에서도 만날 수 있다니 마지막 식사까지 배부르게 마실 수 있었다 곧이어 아이가 먹을 우동이 나왔는데 그릇의 사이즈가 넉넉하다 앞접시에 덜어서 먹었는데 뜨끈한 국물과 쫄깃한 우동면발이 맛있었다 이 집의 시그니처 메뉴인 홍익돈까스가 나왔고 역시 왕 큰 왕돈까스의 사이즈가 시선을 압도한다 지난번에 왔을 땐 조금 남기기도 했는데 오늘은 완벽하게 다 먹어서 기분이 좋았다 돈까스의 사이즈가 크다보니 소스가 얹어져 나와서 바삭함을 잃는 게 싫다면 키오스크 주문 시 소스 따로를 선택할 수 있다 푸짐한 홍익돈까스는 왕 크기 때문에 썰어놓는 것도 시간이 꽤 걸려도 기부니가 좋다 진한 돈까스소스에 바삭하게 튀겨낸 국내산 1등급 등심 정통 경양식 돈까스 너무너무 맛있게 먹었다 아이들도 돈까스를 잘 먹어서 아이들과 방문하기 좋은 식당이다 제주 아라동 맛집 재생 3 좋아요 0 0015  접기펴기 홍익돈까스 볶음우동은 홍익돈까스에서 내가 좋아하는 최애 메뉴인데 아이들 먹이기는 좀 그렇지만 제일 매운맛으로 매콤하게 주문하면 어른 입맛에 아주 딱 맛있는 맛을 먹을 수 있다 각종 해산물과 채소에 매콤하게 불 맛을 입힌 쫄깃한 우동이 아주 맛있다 홍익돈까스에서 배부르고 즐겁게 점심 식사를 마쳤는데 아이와 함께 방문하기 좋은 제주 아라동 맛집 홍익돈까스를 가성비 좋은 도민맛집으로 추천한다 총평  제주시 아라동에 위치한 가성비 도민맛집  국내산 1등급 등심 바삭한 왕돈까스 맛집  왕크고 왕맛있는 제주 돈까스집 추천  가족 연인 친구 아이와 방문하기 좋음 50m  NAVER Corp 홍익돈까스 제주아라점 제주특별자치도 제주시 중앙로 501 1층 홍익돈까스 #제주맛집 #아라동맛집 #아이와가기좋은식당 #하리보해피월드근처맛집 #제주아이와가기좋은식당 #제주아라동맛집 #제주돈까스맛집
제주화덕피자 핏제리아 필리아 아라동맛집 가성비 세트메뉴,https://blog.naver.com/iyaiyao0/223775236778,핏제리아필리아 화덕핏자 &파스타 제주 아라점,제주 제주시 아란7길 12-1 1층,#제주피자#제주화덕피자#제주아라동맛집#아라동맛집#핏제리아필리아,제주화덕피자 핏제리아 필리아 편하게 피자와 파스타를 즐기는 아라동맛집 피자 한판 가격에 피자파스타에이드까지 즐길 수 있는 제주화덕피자 신선한 재료와 이탈리아 카푸토 밀가루로 만드는 쫄깃한 도우가 제주 현지인의 사랑을 받는 비결 위치 및 주차 아라초등학교와 스위첸 아파트 단지 근처 횡단보도 앞이라니 파리바게트가 가장 좋아할 위치 아닌가 제주화덕피자를 맛볼 수 있는 핏제리아 필리아 주차는 매장 뒤편 공영주차장이나 인근 공영주차장 조금만 걸으면 공영주차장이 많은 지역이라 주차 스트레스가 적은 지역이라는 것도 장점 1130부터 2100까지 브레이크 타임 없이 운영하는 제주피자 제주도민들이 사랑하는 제주 아라동맛집에서의 점심 식사 매장 내부 피자집에 화덕 이외에 필요한 인테리어는 없을 듯 오픈 키친이라 피자 만드는 모습과 파스타 조리 과정을 눈으로 볼 수 있어서 좋았다 테이블이 여러 개지만 점심시간이라 빈 좌석을 찾기 어려울 정도 점심 피크시간이라 걱정했는데 미리 예약석을 준비해 주셔서 감동 워낙 인기 있는 아라동맛집이라 걱정했는데 다행 가족끼리 방문하는 경우도 많아 베이비 체어까지 갖추고 있는 키즈 프렌들리 매장 변함없이 맛있는 피자를 제공하고 싶어 하는 핏제리아 필리아의 정신 피자는 접어 먹어야 진리임을 꿀팁으로 알려주신다 이탈리아 카푸토 밀가루로 도우를 만드는 핏제리아필리아 피자 디플로마까지 받아올 정도로 피자에 진심 메뉴 Next image 핏제리아 필리아 메뉴 핏제리아 필리아의 메뉴 피자  루꼴라 꽈뜨로 살라미 부팔라 마르게리따 트러플풍기페페로니 고르곤졸라 마르게리따 콤비네이션 콘 포테이토 초리조 베이컨에그 파스타  로제 갈릭크림 까르보나라 수제 바질 새우 알리오 올리오 토마토파스타 매운토마토 파스타 리조또  크림 투움바 로제 리코타 샐러드 가본 제주피자 집 중에 가장 다양한 피자메뉴를 갖추고 있었다 우리의 주문은 피자파스타에이드 세트로 루꼴라 피자 갈릭크림 파스타 레몬에이드로 다합해서 28500원 이정도면 완전 가성비 런치 셀프 바애 비치된 조미료를 활용하면 다양하게 피자를 즐길 수 있는데 수제 매콤 오일 핫 소스 파마산 치즈가루 꿀 등 화덕피자 맛집에서 가장 중요한 건 화덕 가스불로 조리하는 타입 고온 조리되기 때문에 피자가 금방 익어서 나오더라 쉼 없이 들어오는 주문 때문에 쉴 틈 없이 화덕으로 들어가는 피자들 이탈리아 카푸토 밀가루로 만든 도우를 슥슥 성형하더니 치즈를 뿌려 화덕에 넣고 굽고 구운 후 발사믹 글레이즈 듬뿍 올리는 루꼴라 올리브오일 등으로 마무리 오픈 키친이라 볼 수 있었던 피자 만드는 과정은 여러 번 봐도 재밌는 구경이다 28500원에 피자 파스타 에이드 음료까지 제공되는 대혜자 피자집 피자 한판 가격으로 파스타와 음료까지 즐길 수 있다니 점심 친목모임 회식 등으로 이보다 더 좋을 순 없다 필리아 피자 핏제리아 필리아의 시그니처 피자인 루꼴라 피자 루꼴라 올리브 페이스트 치즈 방울토마토 발사믹 글레이즈 올리브유 재료로 승부를 보는 피자이기 때문에 신선함이 생명인 맛 12인치30cm 사이즈로 6조각으로 커팅 되어 있다 여자 둘이 먹기에 좋은 양이랄까 멤버 중 남자가 있다면 추가 사이드 메뉴가 필요할지도 고소하고 쌉싸름한 루꼴라 덕분에 햄이나 프로슈토 등 남의 살 이 없어도 아쉽지 않달까 모짜렐라 치즈의 고소함 리코타 치즈의 신선한 우유맛 특제소스 올리브 타프나드의 감칠맛 루꼴라와 방울토마토의 아삭한 식감까지 화덕피자를 샐러드처럼 즐길 수 있는 메뉴 피자를 반만 접었는데 리코타 치즈가 삐져나오려고 함 얼마나 듬뿍 넣어주신 건지  기름기 1도 없이 담백하고 쫄깃한 도우를 맛보니 이집 화덕피자 잘하네 핏제리아 필리아만의 자랑인 수제 매콤 오일 올리브유에 페퍼론치노를 넣어 매콤한 맛이 천천히 추출되어 깊고 진하달까 도우에 뿌려 살짝 뿌려보니 텁텁하지 않고 개운한 매콤함이 매력적 투움바 갈릭 크림 파스타 투움바 갈릭 크림 파스타 아웃백에 길들여진 우리는 정기적으로 툼바가 땡기곤 했는데 그 욕구를 해소시켜주는 맛 게다가 가성비 좋게 즐길 수 있으니 얼마나 좋아 밥하기 싫을 때마다 생각날 것 같은데 아라동 주민들은 슬리퍼 신고 편하게 올 수 있어서 부럽다 승리의 조합 마늘크림새우 마늘 버섯 새우 생크림과 채수로 더한 깊은 맛의 갈릭크림소스의 갈릭 투움바 파스타 생크림의 느끼함은 매콤함으로 잡고 마늘로 감칠맛의 축제 통통한 새우에도 제대로 간이 배어있고 면적 넓은 페투치네를 사용해서 소스가 많이 묻어나니 맛없을 리 없음 소스는 남김없이 도우 테두리를 없애는데 활용했다 갈릭 디핑 따로 필요 없다니깐 솔직히 더 맛있음 감동받은 건 생과즙의 맛 제대로 나던 레모네이드 적당히 레몬 시럽이나 둘러 줄 줄 알았는데 레몬 펄프가 보여서 확인해 보니 단맛도 적고 레몬 생과즙의 맛이 제대로 난다 제주피자 핏제리아 필리아 재생 6 좋아요 1 0019  접기펴기 제주피자 핏제리아 필리아 세 줄 요약 세트메뉴 가성비가 좋은 제주화덕피자 맛집 현지인이 사랑하는 제주 아라동맛집 이탈리안 카푸토 밀가루로 만드는 제주피자 핏제리아 필리아 주소  제주 제주시 아란7길 121 1층아라 일동 전화  050713085479 영업  1130  2100 휴무  매주 화요일 주차  인근 공영주차장 인스타그램 httpswwwinstagramcompizzeriaphilia 핏제리아필리아  화덕피자  파스타  아라동 맛집  제주도 맛집pizzeriaphilia  Instagram 사진 및 동영상 팔로워 977명 팔로잉 982명 게시물 129개  핏제리아필리아  화덕피자  파스타  아라동 맛집  제주도 맛집pizzeriaphilia님의 Instagram 사진 및 동영상 보기 wwwinstagramcom 50m  NAVER Corp 핏제리아필리아 화덕핏자 파스타 제주 아라점 제주특별자치도 제주시 아란7길 121 1층 예약
제주 아라동맛집 로컬 양식 맛집 음료 디저트 무료 컬쳐드,https://blog.naver.com/divmom/223904723728,컬쳐드,제주 제주시 승천로 81 1층 컬쳐드,#제주양식#제주시맛집#제주로컬맛집#아라동맛집#제주파스타,50m  NAVER Corp 컬쳐드 제주특별자치도 제주시 승천로 81 1층 컬쳐드 제주시맛집 로컬음식 재생 1 좋아요 0 0011  접기펴기 제주시맛집 로컬음식 영업시간 1100  2100 브레이크타임 1500  1700 테이크아웃 할인 콜키지 가능 유로 단체이용가능 유아의자나 대기장소가 있어요 주차는 추가요금 15분당 500원 최대 10000원 컬쳐드 후문에서 한라산 방향으로 60m쯤에 공영주차장이 있고 주말과 공휴일은 무료입니다 탐라중쯤에 위치한 공영 주차장이 있고 주변 다른 공영주차장 주소는 아라이동 30047 아라이동 300510 제주 아라동맛집 로컬 양식 맛집 음료 디저트 무료 컬쳐드 제주도 헌달살기 여행중 한경면에 숙박을 하면서 제주시로 여행을 나갔어요 제주시는 그야말로 우리네 보통 도시의 느낌이 들어서 제주도 느낌은 그다지 들지 않았습니다 제주시 아라동 맛집으로 제주도 1등 패밀리 레스토랑 컬쳐드 현지인 아라동 맛집으로 유명합니다 먹가족이 방문한 시간은 12시가 조금 지난 시간있는데 큰 홀에 손님들이 정말 빼곡했습니다 문 열자마자 깜짝놀라며 여기 찐 맛집 맞네 느껴졌죠 자리를 안내받고 착석했습니다 원래 저기 안쪽에 프라이빗한 자리로 앉고 싶었으나 4인이라서 그곳엔 앉지 못했어요 손님들 진짜 많죠 단체손님도 많고 가족 단위도 많고 나이 지긋이 드신 엄마 아빠 또래도 많으셨어요 문앞쪽 자리까지 꽉차서 아라동 현지맛집 제대로 실감이 났습니다 테이블마다 갖춰져 있는 메뉴판에서 직접 메뉴를 골라 주문합니다 큐알코드를 카메라로 스캔하여 리뷰 작성 영수증 리뷰 남겨주시면 바닐라 아이스크림이나 아포가토를 서비스로 드실수 있어요 먹가족이 주문한 음식은 런치세트에요 주변 다른분들도 런치세트로 주문하십니다 샐러드 파스타or리조또 피자  디저트 이렇데 기본인데 샐러드와 피자 파스타 디저트 모두다 원하는 메뉴로 골라서 주문하시면 됩니다 Next image 제주 아라동 맛집 컬쳐드의 메뉴에요 Next image Next image 메뉴다 다 고를수 있고 맵게 안맵게 스파티게 면까지 다 변경이 가능합니다 함께하는 가게로 나눔 맛집 매장이에요 주방도 오픈키친이라서 앉은 자리에서도 보여지는 바쁜 주방의 모습입니다 각자의 위치에서 체계가 잘 잡혀진 모습입니다 수제 발사믹 글레이즈 판매도 합니다 이탈리아 폰티발사믹 식초를 사과와 꿀로만 정성껏 조려서 만든 새콤달콤 풍부한맛 설탕 카라멜소스 감미료제로 컬쳐드는 결제금액에 5를 적립해드립니다 계산시 카운터 회원등록 이것이 바로 런치세트레에요 피자 변경할경우 2천원 추가 됩니다 수제 유자소스도 판매합니다 이탈리안 폰티 화이트 와인 식초를 꿀유자청과 양파를 이용해 만든 소스 제주 아라동 맛집 컬쳐드는 원산지 표시 고객과의 약속 이렇게 각 지역에서 나는 정직한 재료로 보기좋게 표기가 되어 있습니다 제주 아라동 맛집 컬쳐드는 명절 당일 외에 항상 열려 있습니다 게다가 제주 아라동맛집 로컬 양식 맛집은 모든 음료가 무료입니다 대박이죠 식사하면서 음료 주문하고 식사후에 디저트로 음료 마시고 돌아가니 가성비도 보통 가성비가 아닙니다 직원분도 굉장히 친절하세요 포도쥬스 유자쥬스 오렌지쥬스 주문했어요 스테이크 샐러드가 처음 나오자 양이 엄청나서 정말 놀랐고 음식을 맛보니 따뜻하고 신선해서 또 놀랐습니다 4인가족이 왔음에도 양이 많다고 느꼈어요 아이들 한접시씩 덜어줍니다 수제 발사믹 소스의 맛이 강하지않고 풍미가 진해요 토마토 호박 느타리버섯을 한번 구워서 담백하고 고소합니다 대표 스파게티 시금치소스 스파게티에요 정말 뜨끈하게 나와서 음식 다운 음식을 맛볼수 있었어요 아이들 먹이려 들렸다가 양이 엄청 많고 맛있어서 먹부부가 아주 잘 먹었어요 부드러운 크림에 시금치소스가 첨가됐어요 커다란 새우가 3마리 들어 있어요 음식이 나왔을때 뜨끈 미지근 하면 음식 맛이 조금 떨어지는데 주방에 직원들이 많다보니 바로 만든 음식이 식기전에 빨리 나왔습니다 고르곤졸라 피자가 나왔습니다 꿀과 함께 먹는 고르곤졸라 못참죠 대박 볶음밥이 11000원 어떤분 후기에서 3인분이라 하시길래 설마 했는데 정말 3인분 맞아요  먹가족이 먹기에 충분합니다 굴소스와 소고기 야채와 어우러진 깔끔한 볶음밥이에요 이집 제주 아라동맛집 제주도 꼭 여기오세요 음식의맛 정량화한 레시피로 언제나 맛있는 음식 컬쳐드의 1인분 양은 푸짐합니다 모든 음식에 쓰는 메인 소스는 오랫동안 끓이고 손이 많이 가는 소스 피자의 도우가 크리스피 패스츄리 느낌으로 바삭하고 맛있어요 아이가 바삭함 그대로 먹는걸 좋아하는데 고르곤졸라는 꿀을 꼭 찍어 먹네요 그렇게 실컷 먹고도 이렇게 남았습니다 양이 대단합니다 후식으로 카모마일 차를 주문해서 먹었어요 그리고 남은 피자는 포장해서 갔어요 4조각이 남아서 함덕해수욕장 수영하고 가려고요 제주도 아라동맛집으로 로컬양식 컬쳐드 최대 가성비 추천해요 오늘도 기분좋은 하루 되세요
제주 아라동 맛집 족풍 족발,https://blog.naver.com/isocial/223924111620,족풍,제주 제주시 인다11길 24 1층,#제주맛집#아라동맛집#족풍#아라동족발#제주대학교맛집#제주대학교족발,제주 아라동 맛집 족풍 족발 Photo  Write By 여우별 제주에 여름이 찾아오면서 뜨거운 음식보다는 간편하게 즐길 수 있는 메뉴들에 눈길이 가는 시즌이네요 요럴때 참으로 즐기기 좋은 메뉴가 족발이 아닐까싶은데요 오늘은 제주 아라동 맛집으로 족발이 맛있는 곳을 소개할게요 현지인들에게 배달이나 홀에서 맛보는 곳으로 인기 있는 곳이죠 특히 2가지 족발 메뉴를 골라서 반반 즐기는 메뉴가 완전 좋아요 아라동 족풍 족발에서 주문한 반반 족발 모습이에요 기본적인 족발과 함께 어니언크림족발을 주문했는데요 기본족발도 담백하니 너무 맛있었는데 어니언크림족발은 처음 맛보는 맛으로 양파향과 족발의 만남 완전 맛있어서 다음에 족발 먹을때면 생각날거 같아요 제주 아라동 맛집 족풍 족발 주소  제주 제주시 인다11길 24 1층 영업시간  11002200 라스트오더 2130 정기휴무  매주 토요일 전화번호  050714805883 500m  NAVER Corp 족풍 제주특별자치도 제주시 인다11길 24 1층 예약 제주대학교 아라캠퍼스 제주특별자치 제주시 아라일동 제주대학로 102 제주대학교 제주 족풍은 아라동에 위치하고 있고 제주대학교에서 가까운 곳이죠 첨단과학단지와 함께 배달 주문으로 현지인들이 많이 찾는 족발집이에요 저희가 식사하는 중간에도 배달 주문이 계속들어오는 곳이더라구요 족풍 주차는 식당 바로 옆쪽에 공영주차장이 크게 조성되어서 편하게 주차가능해요 배달주문과 함께 홀에서도 족발을 맛볼 수 있는데요 실내분위기도 깔끔해서 직접 방문해서 식사해도 좋을거 같아요 족발 먹으면서 무려 된장찌개도 함께 나와서 국물과 함께 완전 굿 이날 저희는 내맘대로 반반 메뉴를 주문했는데요 앞서 이야기 한것처럼 기본족발과 어니언크림 족발을 반씩 주문했어요 족발을 홀에서 즐기면 좋은점 다양한 기본찬을 아낌없이 맛볼 수 있지요 족발 메뉴가 배달을 많이 하게 되는 음식인데요 직접 식당에 방문해서 맛보면 좋은 점은 기본찬을 맘껏 즐길 수 있다는 점이죠 아라동 족풍은 여느 족발집과는 다르게 밑반찬들이 특색있게 나오더라구요 기본찬으로 비빔막국수가 나오는데 면이 부드럽고 정말 맛있어요 그냥 면치기로 맛봐도 좋고 족발과 함께 싸서 먹으면 우왕 굿 족발을 배달시키면 막국수가 면이 굳어져서 오는 경우들이 있는데 요렇게 홀에 방문해서 맛보면 바로 삶은 부드러운 막국수를 맛볼 수 있죠 반반 족발 어니언크림족발의 매력 족풍에서만 맛볼 수 있는 시그니쳐 메뉴 드디어 족풍의 반반 족발이 등장한 모습이에요 일단 양부터가 푸짐한것이 합격점의 비주얼인데요 기본족발과 함께 담겨진 어니언크림족발의 모습이 심상치 않네요 할라피뇨와 여러가지 양념으로 만들어진 특제 크림 소스라고 합니다 어니언크림족발은 눈으로만 봐서는 당췌 어떤 맛인지 짐작이 가질 않았어요 빨리 맛보고 싶었지만 우선 기본족발부터 맛체크 들어가볼게요 기본족발이 맛있으면 당연히 어니언크림족발도 맛있겠죠 우선 기본족발의 색깔과 상태가 너무 신선해보여서 좋았어요 기본족발을 입속에 넣어보니 잡내라곤 찾을 수 없고 족발 특유의 쫄깃함과 담백함이 입안 가득 느껴져서 좋네요 제주 아라동 맛집으로 알려진 곳이라서 족발 맛이 상당해요 다음은 어니언크림족발을 맛봤는데 우왕 완전 맛있어요 크림의 부드러움 속에 양파향이 은은하게 배어있으면서 속에서 씹히는 족발의 육질과 맛의 어우러짐이 완전 좋았어요 족발을 다양하게 즐겨볼게요 야채와 함께 새우젓과 함께 어니언크림족발을 순삭시키면서 한편으론 전통방법으로 먹어봅니다 상추위에 족발 올리고 무김치 마늘쌈장 올려서 큼직하게 입안 가득 츄르릅 족발 먹으면서 빠질 수 없는 것이 새우젓에 찍어서 먹는거죠 새우젓의 짭짤함이 족발의 간을 잘 맞춰주면서 완전 맛있네요 다음은 비빔막국수에 족발을 싸서 맛볼게요 매콤한 막국수 양념과 면빨이 족발과 너무 잘 어울리네요 아라동 족발 족풍은 된장찌개가 기본으로 나와서 너무 좋았어요 족발 먹으면서 요렇게 된찌가 나오는 것은 처음인거 같은데요 고기먹으면서 중간 중간 된장찌개 국물을 구수하게 곁들이니 너무 좋네요 된장찌개 양도 많아서 셋이서 덜어먹어도 충분할 정도의 양이에요 족발 비빔막국수 먹으면서 된장찌개 국물 먹으면 입안이 깔끔해져요 오늘은 제주 아라동 맛집으로 족발이 맛있는 족풍을 소개했어요 여기는 2015년에 오픈해서 지금까지 제주 현지인들에게 꾸준히 사랑받는 곳이에요 제주대학교 첨단과학단지에서 배달로 많이 주문하고 홀에서도 많이들 식사하시네요 어니언크림족발 갈비족발 등등 여기서만 맛볼 수 있는 족발 메뉴를 반반으로 주문할 수 있어서 좋았어요 비빔막국수와 된장찌개가 기본으로 나와서 족발과 함께 곁들이니 더욱 좋더라구요 제주여행 하면서 아라동 쪽으로 동선 잡으신 분들이나 족발 맛집 찾으시는 분들은 방문해보세요 제주 아라동 맛집 족풍 족발 재생 0 좋아요 0 0026  접기펴기 제주 아라동 맛집 족풍 족발 #제주맛집 #아라동맛집 #족풍 #아라동족발 #제주대학교맛집 #제주대학교족발
제주 아라동 가성비 좋은 맛집 제주온담샤브 아라점,https://blog.naver.com/imgasina/223723346629,제주온담샤브 아라점,제주 제주시 아연로 585 2층 제주온담샤브 아라점,#제주온담샤브#샤브샤브#가성비맛집#제주맛집#무한리필#월남쌈#제주여행#아라동맛집,제주 아라동 가성비 좋은 맛집 제주온담샤브 아라점 글 사진  라콩이 안녕하세요 날씨 진짜 너무 춥죠 이런 날씨면 생각나는 따뜻한 국물요리 제주온담샤브 아라점은 가성비도 좋고 신선한 재료로 제공하는 제주 아라동 맛집으로 도민들에게 인기 좋은 식당이에요 점심특선 메뉴는 1인 13900원으로 야채와 샐러드바 월남쌈이 포함되어 있어 가격 대비 푸짐한 양과 질 좋은 재료로 많은 사랑을 받고 있답니다 오늘은 이곳의 매력을 소개해드릴게요 50m  NAVER Corp 제주온담샤브 아라점 제주특별자치도 제주시 아연로 585 2층 영업정보 1100  2200 LO 2030 브레이크타임 1500  1700 0507 1478 2386  주차가능 제주 시내에서 차로 이동하기도 편리하고 대중교통으로도 쉽게 접근할 수 있어요 바로 앞에 주차 공간도 넉넉하걱 마련되어 있어 차량 이용 시에도 걱정 없이 방문할 수 있답니다 제주온담샤브 아라점은 샤브샤브 전문점으로 흑돼지와 소고기 샤브샤브를 주 메뉴로 하고 있어요 매장이 깔끔하고 제일 중요한건 사장님과 직원부들이 진짜진짜 너무너무 친절하세요 점심특선으로는 흑돼지 소고기 월남쌈  샤브샤브가 각각 13900원에 제공되며 저녁에는 17900원으로 제공돼요 이 가격에 무한리필 샐러드바와 월남쌈까지 포함되어 있으니 정말 가성비가 뛰어난 곳이에요 특히 점심시간에 방문하면 더욱 저렴하게 즐길 수 있어요 제주 아라동 맛집 온담샤브샤브는 사장님의 아버님께서 직접 재배한 야채를 공급하고 있어 더 믿고 먹을 수 있는 곳이에요 야채들이 진짜 하나같이 다 신선했는데 그 이유가 있었네요 리뷰이벤트 작성 시 고기 1인분 추가 서비스있으니 리뷰쓰시고 고기추가도 받으세요 육수는 반반육수에요 약간 매콤한 육수와 깊은 맛의 양지육수 월남쌈과 야채 쌈채소 기본소스 3종류 이곳의 가장 큰 매력 중 하나는 신선한 재료와 무한리필 샐러드에요 다양한 신선한 야채와 함께 여러 가지 소스가 준비되어 있어 샤브샤브를 더욱 맛있게 즐길 수 있어요 특히 샐러드바에는 다양한 채소와 과일이 있어 건강한 한 끼를 원하시는 분들에게도 안성맞춤이에요 신선한 재료로 만든 샤브샤브는 정말 맛있고 건강에도 좋다는건 다들 알고 계시죠 그리고여기 떡볶이 맛집 진짜 찐찐몇번을 가져다먹었는지 몰라요 쵝오 준비해주신 소고기도 생각보다 양이 많아서 추가시키려고했는데 안시켜도 충분하더라구요 여기에 리뷰까지하면 각종 야채랑 유부랑 넣어서 보글보글 끓기 시작하면 소고기도 넣고 익혀서 먹어주면 말해 뭐해요 제주 아라동 맛집 제주 온담샤브샤브의 다른 매력은 월남쌈 샤브샤브에요 월남쌈은 신선한 채소에 고기를 싸서 먹는 요리인데 이곳에서는 샤브샤브와 함께 즐길 수 있어요 고기를 샤브샤브로 익힌 후 신선한 채소와 함께 싸서 먹으면 정말 맛있어요 전 땅콩소스 듬뿍 찍어서 야무지걱 냠냠 마지막은 칼국수와 죽으로 마무리 면도 칼국수 라면사리 중에 저흰 칼국수로 택했어요 딸이 너무 좋아하거든요 거기에 마지막으로 죽까지 갓벽 마무리했습니다 제주 아라동 가성비 좋은 맛집 제주온담샤브 아라점 재생 19 좋아요 0 0027  접기펴기 제주 아라동 가성비 좋은 맛집 제주온담샤브 아라점 직원들이 친절하게 응대해주고 매장 내부는 깔끔하고 아늑한 분위기로 가족이나 친구들과 함께 오기 좋은 곳이에요 편안한 제주 아라동 맛집 온담샤브샤브 요즘같이 국물이 땡기신다면 여기 어떠세요
제주시 곱창 아라동 맛집 막창이땡길때 제주 막창 3종,https://blog.naver.com/mjhlove123/223900404467,막창이땡길때,제주 제주시 신설로11길 15 막창이땡길때,#제주맛집#제주막창#제주곱창#제주시곱창#아라동맛집#제주아라동맛집#제주곱창맛집#제주막창맛집#막땡#막창이땡길때#제주여행#서이추#서이추환영#제주공항근처맛집,언젠가부터 아이들도 너무 좋아하게 된 음식 막창 생각나는 날 가기 좋은 제주시 곱창 아라동 맛집 막창이땡길때 막땡 동네 자그마한 제주 막창 식당이었지만 맛은 어마어마했다는 가게 옆 주차공간에 파킹하고 들어가본다 오픈런 수준으로 시간 맞춰 달려옴 이날 거의 첫끼에 가까웠던터라 배가 무지하게 고팠으니까 대단한 뷰가 있는건 아니지만 창가자리는 이런 푸르른 나무가 보임 아담했지만 찐 로컬의 향기가 느껴지던 제주시 곱창집 100 모짜렐라치즈만 사용하는 막땡 요즘 보기 힘든 레트로 공중전화기 정겹다 증말 그땐 그랬지 요즘 이런걸 보면 옛 추억에 잠겨 회상하게 되는것이 나이가 들긴 드나보다 시그니처는 뭐니뭐니해도 막창 오돌갈비 먹는 분들도 많았고 후기가 좋아서 궁금하긴 했지만 아이들이 잘 먹고 좋아하는 메뉴 막창으로 올인해본다 소금양념간장 믹스 세심한 세척 키위연육 초벌 재벌 완벌을 거친 정성가득한 제주 막창 남자 사장님께서 혼자 분주히 움직이셨다 하나 하나 속도는 다르지만 정성스러운 찬들을 세팅해주심 양배추 샐러드도 독특하면서도 맛있었던 겉절이도 아낌없이 푸짐하게 내어주시는 인심 메뉴에 있던 된장찌게가 기본으로 제공되는 아라동 맛집 꽃게 두부 갖은 재료로 풍부한 맛을 낸 시원한 스타일의 된찌였다 크 비쥬얼에 압도당할만큼 너무나 먹음직 스러운 철판 막창 플레이팅 제주시 곱창 아라동 맛집 막창이땡길때 막창 3종 치즈볶음밥 필 1 재생 2 좋아요 0 0004  제주시 곱창 아라동 맛집 막창이땡길때 막창 3종 치즈볶음밥 필 1 3가지 맛 사이사이 부추무침이 킥이고요 달달한 양파 구워 곁들이면 꾸울맛 요즘 맵부심좀 부리는 우리집 투 초딩스 양념막창 너무 잘먹고 난리 이게 맵지않고 달달하니 꼬치소스처럼 너무 맛있어서 딱 아이들 입맛에도 합격일수밖에 없는 맛 간장맛 위엔 가쓰오부시 데코가 되어있는데 타코야끼에서 느낄수있었던 그 비슷한 맛이 느껴졌다 단짠단짠 세가지 맛 각각의 매력이 있어 우열을 가리기는 힘든 아이들한테 물어봐도 다 맛있어서 고를수가 없다고 했다 부추를 살짝 굽듯 익혀서 같이 먹음 막창이랑 궁합이 얼마나 좋은데 반쯤 익힌 양파 역시 들근하니 양파의 향과 어우러져 찰떡 치즈볶음밥 히트다 히트 치즈볶음밥 이건 아묻따 필수로 주문하기 100 모짜렐라 치즈를 듬뿍 얹다못해 덮어버린 그래 이런게 치즈볶음밥이지 제주시 곱창 아라동 맛집 막창이땡길때 막창 3종 치즈볶음밥 필 2 재생 1 좋아요 0 0007  제주시 곱창 아라동 맛집 막창이땡길때 막창 3종 치즈볶음밥 필 2 치즈 녹을때까지 가만히 두자니 밑이 누르기만 할것같아서 섞어서 치즈 파묻어버리기 캬 쭉쭉 늘어나는 치즈 우리집 치즈귀신들 숟가락이 바빠진다 근데 치즈 안즐기는 나도 너무 맛있더라 볶음밥 1개 2개 고민하다 2개시켰는데 하나했음 많이 아쉬웠을뻔 마지막까지 숟가락을 내려놓지 못하게 만든 철판에 누른 누룽지 와 이것도 진짜 히트였다 까닥까닥한 식감과 양념의 맛이 입혀진 누룽지 애들이 맛있다고 계속 먹고싶어하니 남편이 최선을 다해 누른걸 다 긁어내고 철판이라 환경호르몬 걱정 없이 박박 긁어서 맛있게 자알 먹었다 비쥬얼도 맛도 만족했던 제주 아라동 맛집 제주시 곱창 막창 땡길때 막땡으로     #제주맛집 #제주막창 #제주곱창 #아라동맛집 50m  NAVER Corp 막창이땡길때 제주특별자치도 제주시 신설로11길 15 막창이땡길때
제주시내 도민 맛집 매콤했던 제주 아라동 맛집 백산,https://blog.naver.com/war912/223896260324,백산 뼈짚불구이 제주점,제주 제주시 구산로 5 1층 백산,#제주시내맛집#제주도민맛집#제주아라동맛집#아라동,제주시내 도민 맛집 매콤했던 제주 아라동 맛집 백산 제주시내 도민 맛집 매콤했던 제주 아라동 맛집 백산 제주시내 도민 맛집 매콤했던 제주 아라동 맛집 백산 제주시내에서 매운 음식 좋아하는 분들 사이에서 은근히 입소문 난 곳이 하나 있는데요 제주시내 도민 맛집 중에서도 지인이 직접 추천해준 매운 뼈구이 전문점 백산을 다녀왔어요 50m  NAVER Corp 백산 뼈짚불구이 제주점 제주특별자치도 제주시 구산로 5 1층 백산 백산 뼈짚불구이 제주점 전화번호  050714471608 주소  제주 제주시 구산로 5 1층 백산 영업시간  1200  2200 라스트오더 2100 1 깔끔한 외관 외관은 단층으로 깔끔하게 되어 있고 간판도 크게 걸려 있어서 찾기 어렵진 않았어요 주차 공간도 넉넉한 편이었고요 가게 한쪽에는 큼지막하게 매운 뼈구이 전문점이라고 써 있는 현수막이 눈에 띄어요 이 문구 하나만으로도 뭘 먹을지 고민할 필요 없이 바로 들어가게 되더라고요 입구 쪽에는 이렇게 백산이라고 적힌 입간판도 세워져 있었어요 블랙 톤에 하얀 글씨가 조용하면서도 존재감 있는 분위기를 만들고 있었어요 유리창 너머로 꽃 장식이 살짝 보이는데 입구 쪽도 꽤 신경 써서 꾸며둔 느낌이에요 가게 전체 분위기랑도 잘 어울렸어요 2 돌담스타일 내부 문을 열고 들어가면 바로 이런 돌담 스타일의 카운터가 보이는데요 제주 느낌도 나고 전체 인테리어가 심플하면서 깔끔한 인상을 줘요 가게 안쪽은 좌석 간 간격도 넉넉하고 정돈된 분위기예요 사람 많을 시간에 와도 답답한 느낌 없이 편하게 식사할 수 있을 것 같아요 아이 동반 손님을 위한 아기의자도 마련되어 있었어요 이런 디테일한 배려가 은근히 중요한 포인트잖아요 테이블에는 기본 세팅으로 불판이 먼저 놓여 있었고요 불이 들어오기 전이라 아직 차가운 상태였지만 준비 상태는 깔끔했어요 3 메인메뉴소개 주문은 태블릿으로 편하게 할 수 있었어요 저희는 매운 뼈구이 중자에 계란찜 김가루밥을 추가했는데 메뉴판이 사진 중심이라 선택하기 쉬웠어요 구이류 메뉴는 이렇게 소중대 사이즈로 나뉘어 있고 가격대는 중자가 45000원이었어요 양이 꽤 푸짐해 보여서 중자만으로도 충분할 것 같았어요 양배추샐러드는 고기 메뉴와 곁들여 먹기 좋은 상큼한 구성으로 나왔어요 고소한 드레싱이 촉촉하게 뿌려져 있어서 느끼함 없이 입맛을 돋워주기 좋았고 전체적으로 깔끔한 플레이팅이 인상적이었어요 고추와 양파 그리고 쌈장으로 구성된 기본 찬은 매콤한 뼈구이와 곁들이기 딱 좋았어요 아삭한 식감의 생야채가 느끼함을 잡아주고 고기와 함께 먹었을 때 풍미가 배가되더라고요 제주 아라동 맛집에선 잘 익은 깍두기도 함께 제공되는데 적당히 숙성된 상태라 감칠맛이 진하게 살아 있었어요 자극적이지 않으면서도 매운 뼈구이와 잘 어울리는 깔끔한 조합이었습니다 4 매운뼈구이 한상차림 주문한 매운 뼈구이 한 상이 나왔어요 계란찜과 김가루밥까지 함께 세팅되어 푸짐한 구성이 눈에 띄더라고요 메인 메뉴의 풍성함도 좋지만 곁들임 반찬들도 신경을 쓴 느낌이었어요 제주시내 도민 맛집에서만 먹을 수 있던 매운 뼈구이는 양도 넉넉하고 고기 상태도 꽤 괜찮았어요 윤기 도는 양념 위에 송송 썬 대파가 고소한 향을 더해주고 한 입만 먹어도 매콤한 풍미가 입안 가득 퍼졌습니다 직접 손으로 들고 먹는 재미도 있는 메뉴였어요 살코기가 퍽퍽하지 않고 적당히 부드러워서 손에 묻히면서도 기분 좋게 즐길 수 있었습니다 남은 고기는 이렇게 잘게 찢어서 주먹밥과 함께 볶아 먹을 수 있어요 매콤한 고기와 김가루 주먹밥 조합이 별미였고 마지막까지 질리지 않게 마무리할 수 있었습니다 주먹밥 위에 고기 올려서 한 입 크게 먹는 방식이 인기 있는 조합 같더라고요 비율만 잘 맞추면 따로 소스 없이도 감칠맛이 진하게 살아나서 꽤 만족스러웠어요 제주 아라동 맛집에선 계란찜도 기본 이상으로 부드럽고 촉촉했어요 너무 묽지 않아서 숟가락으로 퍼도 모양이 잡히고 간도 적당해서 매운 음식 중간에 먹기에 딱이었어요 4 매운뼈구이 한상차림 제주시청 근처에서 도민들도 자주 찾는 제주시내 도민 맛집이라는 말이 괜히 나온 게 아니더라고요 매운 맛 좋아하는 분들에겐 특히 만족도가 높을 곳이고 사이드 메뉴 구성도 알차서 든든하게 한 끼 즐기기에 부족함이 없었습니다 다음엔 가족 모임이나 친구들과 다시 방문해보고 싶은 곳이었어요 제주시내 도민 맛집 매콤했던 제주 아라동 맛집 백산 재생 0 좋아요 0 0058  접기펴기 제주시내 도민 맛집 매콤했던 제주 아라동 맛집 백산 #제주시내맛집 #제주도민맛집 #제주아라동맛집 #아라동 맛집
제주 아라동 맛집 추천  서서방숯불닭갈비 아라점,https://blog.naver.com/lovelymimi1052/223909260842,서서방숯불닭갈비 제주 아라점,제주 제주시 아란7길 3-3 1층 103호 서서방숯불닭갈비 아라점,#제주맛집#아라동맛집#제주시닭갈비#서서방숯불닭갈비#제주닭갈비추천#숯불닭갈비맛집#제주로컬맛집,러블리 미미입니다 오늘은 제주 아라동에 숨은 닭갈비 명소 서서방숯불닭갈비 아라점 방문 후기를 공유해드릴게요 숯불향 가득한 제대로 된 닭갈비를 찾고 있다면 주목 50m  NAVER Corp 서서방숯불닭갈비 제주 아라점 제주특별자치도 제주시 아란7길 33 1층 103호 서서방숯불닭갈비 아라점 예약 서서방숯불닭갈비 아라점  영업시간 화  일 1100  2300 라스트 오더 2200 매주 월요일 휴무 네비 찍고 가면 어렵지 않게 찾을 수 있는 골목 위치에 있어요 주차는 가게 앞 공용 주차 공간을 이용하면 되는데 자리가 넉넉한 편은 아니니 피크 시간대를 살짝 피해가는 걸 추천드려요 가게는 깔끔하고 정돈된 모던한 한식집 분위기에요 숯불향 가득한 오픈 주방 스타일이라 입장하자마자 고소한 냄새가 확 테이블 간격도 넓은 편이고 자리마다 환기 시설이 잘 되어 있어서 연기 걱정 없이 식사할 수 있었어요 특히 벽면 한쪽에 유명분들이 다녀간 만큼 맛집 인증이라 무척 기대가 됐어요 Next image 메뉴는 닭갈비 닭목살 모자반 숙성 흑돼지 갈비 3종류가 주 메뉴인데 닭갈비 닭목살은 소금 양념 간장 매운맛 4가지를 고를수 있어 취향에 맞게 맞볼수 있어요 저는 골구루 맛보고 싶어서 소금 간장 양념 1인분씩 주문했어요 리뷰 이벤트도 진행인데 네이버 영수증 리뷰 후기 작성하면 음료 서비스 or 주먹밥을 서비스로 주세요 꼭꼭 챙겨서 드시길 이런 사소한 이벤트도 고객 입장에선 기분 좋더라고요 서서방숯불닭갈비 아라점 장점 마음껏 먹을수 있는 셀프코너 가게 한쪽에는 셀프코너가 마련되어 있는데요 기본 반찬 리필 가능하고 물 앞접시 소스류 자유롭게 이용 가능해요 깔끔하게 정리되어 있어서 위생적으로도 굿굿 특히 김치 양파장 쌈무 샐러드 같은 밑반찬이 닭갈비랑 너무 잘 어울려서 몇 번이나 리필했네요  기본 반찬으로 상추무침 샐러드 김치 쌈무 야채 찍니 먹을수 있는 양념장 마늘양념 소스 3종이 제공되요 특히 된찌까지 기본찬으로 나와서 좋았어요 기본 찬으로 나온거라 대충이 아니라 채소랑 두부가 가득 들어있어서 맛있었어요 요거는 모자반 장아치인데 저는 제주도 와서 처음 먹어봤어요 해초류같은데 상큼해서 닭갈비와 정말 잘 어울렸어요 요건 셀프바에 있으니 챙겨서 드셔요 이 집에서 제일 좋았던 포인트 직원분이 직접 숯불에 닭갈비를 정성스럽게 구워주세요 고기가 안 타게 딱 적당하게 구워주고 불 세기나 뒤집는 타이밍 고민 없이 편하게 대화하며 먹기만 하면 되니까 정말 부담 없이 맛만 즐기고 오기 좋은 곳이에요 고기 익는 동안 주먹밥 만들고 반찬 챙기다 보면 금방 구워져서 너무 편했어요 드디어 익은 나의 닭갈비 먹고싶은 맛을 1인분씩 시킬수 있어서 너무 좋았어요  소금닭갈비 숯불향이 가장 잘 느껴지는 메뉴에요 겉은 바삭하게 속은 촉촉하게 익힌 닭고기에서 고소함과 감칠맛이 최고조 단순한 소금 간인데도 깊은 맛이 있어서 자꾸 당겨요  간장닭갈비 은은한 단짠단짠 간장 양념이 고기에 잘 배어 있어요 조금 더 부드럽고 짜지 않아서 아이들이 가장 좋아했어요 양념갈비 맛이나서 호불호 없는 맛이에요  양념닭갈비 제일 익숙한 매콤달콤 스타일 적당한 매운맛에 불향이 더해져서 밥 도둑 그 자체에요 은근한 매운맛이 자꾸 당기더라고요 닭갈비를 요렇게 쌈에 싸서도 먹고 상추 무침하고도 먹었는데 깻잎에 싸서 먹는게 정말 향긋하니 맛났어요 요렇게 입맛에 맛는 소스에 찍어서 즐길수도 있는데 저는 마늘 소스가 제일 맛났어요 요건 리뷰 서비스로 받은 주먹밥인데 모자반 장아치가 중간에 씹히면서 고소하니 넘 맛났어요 사실 다먹고 볶음밥도 먹고싶었는데 숯불 닭갈비가 너무 맛있어서 추가해서 먹는 바람에 못 먹어서 아쉬웠네요 재 방문때는 꼭 먹는걸루 아라동 닭갈비 맛집으로 찜 제주에서 진짜 숯불닭갈비를 먹고 싶다면 무조건 서서방  직원이 직접 구워줘서 편하게 먹을 수 있고  닭갈비 세 가지 맛 모두 퀄리티가 높고  사이드 메뉴셀프코너리뷰 이벤트까지 알차게 구성  소금맛은 불향 가득하고 담백해서 특히 추천  가격도 제주 외식 물가 기준에서 보면 가성비 최고에요 특히 불맛 좋아하시는 분 혹은 닭갈비 초보자에게도 부담 없는 식당이라 다음에도 재방문 의사 100입니다 #제주맛집 #아라동맛집 #제주시닭갈비 #서서방숯불닭갈비 #제주닭갈비추천 #숯불닭갈비맛집 #제주로컬맛집
애프터네일  제주 아라동 페디,https://blog.naver.com/akojeju/223921830542,애프터네일,제주 제주시 인다4길 31 1층 애프터네일,,50m  NAVER Corp 애프터네일 제주특별자치도 제주시 인다4길 31 1층 애프터네일 예약  영업시간 10002000  휴무 매주 일요일 주소 제주 제주시 인다4길 31 1층 애프터네일 제주 아라동 페디 에프터눈 네일 매장 바로 앞이 넓은 공영주차장이어서 주차하기 편하다 공영주차장이 만차면 거리 곳곳에 해도 되니 주차걱정 노노 예약한 시간에 맞춰 왔지 깔끔한 내부 화장실 가는 입구도 귀엽다 페디는 일년에 두어번 하나 그 두어번이 여름과 겨울에 여름나라 놀러갈때 이제 바다 풍덩풍덩하고 발꼬락 보이는 샌들과 슬리퍼만 주구장창 신는 계절이니 페니 해야지해야지 원컬러로 하기로 정함 늘 고민되는 이 순간  이색으로 할지 저색으로 할지 이색저색 다 할지 고민고민  쌤 다 다듬기 전에 얼른 정해야지 어두운색 할까 파란계열할까 하다가 한번도 안해보 밝은 연두색으로 결정 쌤이 틀어놔 주신 속 뒤집어지는데 계속 보게 되는 이혼숙려 보고있었음  이거 보다보니까 시간 후딱 가는데다 쌤 손이 빠르셔서 진짜 빨리 끝난듯 하다 큐티클 바짝 다듬으면 깔끔해 보이기는 한데 나는 항상 아프고 뒤집어져서 바짝 하지 말아달라고 부탁드림 이렇게 부탁드려도 가끔 깔끔해 보이는거에 욕심이 나셔서 아프게 하시는데 그런곳은 발길을 뚝 끊게됨 하핳 요기 쌤은 진짜 하나도 아프지 않게 원래 네일샵 아픈곳이 아닌데 왜 난 항상 아팠던거지 잘 정돈해 주셨다 페디는 잘 하지 않아서 엉망일 텐데 상태  괜찮다며 친절하게 웃어주심 흐흐흫 애프터네일  제주 아라동 페디 1 재생 1 좋아요 0 0006  애프터네일  제주 아라동 페디 1 애프터네일  제주 아라동 페디 2 재생 0 좋아요 0 0003  애프터네일  제주 아라동 페디 2 쨘 시원하고 귀여운 컬러 마음에 든다 지저분 했던 내 발을 한시간도 안되는 시간에 깔끔하게 바꿔 주셨엉 아 진짜 하는지 안하는지도 모르게 편안한 시간이었다 애프터네일  제주 아라동 페디 3 재생 4 좋아요 0 0003  애프터네일  제주 아라동 페디 3 아트 샘플들 너무 과하지 않고 귀여운 아트들 내스타일인뎅 다음 네일은 여기서 해야겠다 무엇보다 원장쌤이 너무 편해서 좋았다 처음 가는곳들 한시간 넘게 불편한 공기속에서 네일 받는거 진짜 힘든데 여기는 첫 방문이었는데도 시간 가는줄 모르게 편했다 페디받고 집에 가는 차안 신호에 걸렸는데 자연 조명 쏴주시네 이건 페디 받고 열흘도 넘은 상태 크랙이나 흠 없이 반짝반짝 유지력 굿 하루가 멀다하고 바다에 나가서 돌 사이사이 밟고다니는데도 유지력 좋음 내 오리발이랑도 잘 어울려서 기분좋앙  아라동근처 네일샵 찾는사람들 제주 아라동 페디맛집 애프터네일 완전 추천 합니다 제주 아라동네일 제주 아라동 페디 아라동 페디맛집
제주 아라동 맛집 인생감자탕 제주점,https://blog.naver.com/makafood/223573335043,인생감자탕 제주점,제주 제주시 구남동4길 59-6 1층,#포토덤프챌린지#일상포토덤프#제주맛집#제주아라동맛집#제주감자탕,오늘은 산더미 감자탕으로 유명한 제주아라동 맛집 인생감자탕 제주점 포스팅입니다 드디어 이 브랜드가 제주도에 런칭을 했군요 수원집에 갈떄 인계점에 한번 방문한 적이 있었는데 등뼈가 산더미 처럼 쌓아서 나와서 깜짝 놀랐던 기억이 있습니다 역시 비주얼로 승부하는 브랜드입니다 이 식당은 우거지감자탕이 메인인데 그 외에 독특한 컨셉들이 있습니다 묵은지 파김치 갓김치 감자탕들인데요 다들 나름대로의 강력한 매력들이 있는 맛입니다 그래도 첫 만남은 우거지죠 기본이 맛있으면 나머지들은 당연히 맛있게 마련이죠 다음번에는 파김치와 갓김치를 먹어볼 예정입니다 파김치는 주로 장어와 잘 어울리는데요 공주 파김치장어 유명하죠 아주 독특하면서 개성있는 유니크한 맛입니다 제주아라동 맛집 인생감자탕 제주점에서는 주문하는 방법이 따로 있는데요 일단 메뉴를 정하시고 매운맛을 정해야 합니다 순한맛 중간맛  매운맛 3가지 맛중에 하나를 선택하시고 혹시나 더 매운맛이나 추가 매운맛을 원하시면 테이블에 배치된 매운고추가루를 사용하시면 됩니다 그리고 타이머를 주시는데요 딱 5분만 더 끓여서 드셔야 제일 깊은 육수의 맛을 느낄수 있다고 합니다 특이하게 특제소스에 따로 후추가루를 뿌려서 먹으라고 하네요 어떤 맛일까 아래에서 확인 하시면 됩니다 그리고 조리과정에서 들꺠가루가 들어가지 않습니다 들꺠가루는 꽤 타격감이 있어요 또한 이 들꺠가루는 좀 호불호가 많이 갈리거든요 국물의 맛이 완전히 달라지기 떄문에 옵션의 여지를 두신 것 같습니다 아주 맘에 드네요 사실 들깨가루는 너무 향이 강하고 진하기 떄문에 국물의 맛을 순식간에 지배해 버립니다 국물 특유의 육향을 전혀 느낄수 없지요 또 그 맛을 싫어 하시는 분도 많아요 그리고 독특한 메뉴가 보이는데요 비로 순살해장라면입니다 아마도 족살을 발라서 라면과 콜라보한 음식인 것 같은데 꽤 호기심을 자극하는군요 반드시 먹어봐야 겠습니다 제주 감자탕 맛집 인생감자탕 제주점 재생 58 좋아요 1 0026  접기펴기 제주 감자탕 맛집 인생감자탕 제주점 동영상 감상 제주 아라동 맛집 인생감자탕 제주점 제주 제주시 구남동4길 596 1층 영업 1000 0400 화요일 휴무 050714702135 특징  푸짐한 산더미 감자탕 대표메뉴 우거지 묵은지파김치 소중대특 38000원 47000원 56000원 63000원 제주 아라동 맛집 인생감자탕 제주점입니다 일단 주차장이 넉넉합니다 새건물이라 내부는 반들반들 깔끔합니다 통창이 전면에 있어서 안정감도 있고요 총 네가지의 시그니쳐 메뉴가 있는데 오늘은 가장 기본 맛인 우거지로 결정했습니다 테이블 위에는 메인 메뉴와 사이드 메뉴가 있네요 맛있게 먹는 방법은 잘 읽어 보시고 리뷰이벤트가 있으니까 꼭 도전해 보시길 기본찬이 깔립니다 깍두기와 청양고추 그리고 양파짱아찌 시원한 백김치도 나오네요 테이블 위에는 타이머와 매운고추가루가 있습니다 음식이 나오면 5분간 더 끓이게 되는데 시간을 맞추기 위한 타이머입니다 매콤한 겨자소스입니다 동양화인데 감자탕을 들고 있습니다 뭔가 운치있어 보이는군요 두둥 우거지 감자탕 중자입니다 가격은 48000원입니다 산더미처럼 쌓아서 나옵니다 양이 상당히 많아요 이거 3명이서 다 먹을 수 있을까 우거지도 듬뿍 올려져 있습니다 등뼈 하나하나 먹기 좋은 크기로 잘라서 세팅해 주십니다 이건 갈비살 부위 아닌가 이제 타이머를 5분 맞추고 기다리면 됩니다 나머지 등뼈는 따로 보관해 두었다가 하나씩 탕에 넣으면 됩니다 전체적으로 이런 비주얼입니다 이제 5분이 거의 다 되었군요 이렇게 끓여야 국물이 더 단백해지고 구수해 진다고 하더라구요 제주 막걸리 주문 시원하게 한잔 마십니다 일단 국물 부터 먹어 봐야죠 중간맛으로 정했는데 아주 매콤하지는 않습니다 이마에 살짝 땀이 맺히는 정도네요 국물은 탁하지 않고 시원한데 우거지의 삭은 맛과 잘 어울립니다 사골이 들어가서 더 깊은 맛이 나는 것 같습니다 크고 푸짐한 등뼈네요 살이 아주 실하게 붙어 있습니다 결국 밥은 먹지도 못했네요 고기가 너무 많아서요 알싸한 겨자소스 당면도 들어 있는데 제일 먼저 먹어야 합니다 부드러운 수제비도 들어 있어요 국물이 참 좋네요 배지근하면서도 느끼하지 않아요 개운해서 해장으로 그만입니다 등뼈에 붙어 있는 살들도 아주 부들거리는게 아니라 씹는 식감이 있어요 잡내 없이 깔끔합니다 이건 거의 갈비나 마찬가지네요 형님도 진짜 맛있다고 합니다 국물이 자박해지면 다시 육수를 넣어 주시네요 밥을 말아 먹고 싶었지만 배가 불러서 포기했습니다 집 근처에 괜챦은 감자탕집이 생겼네요 자주 방문해야 겠습니다 일단 국물자체가 시원하니까 뭔가 개운하다는 기분이 들어요 다 먹고 나서도 텁텁하거나 느끼함이 올라오지 않습니다 술안주로도 좋을 것 같네요 다음에는 다른 맛으로 도전해봐야 겠습니다 잘 먹었네요 제주도는 오늘도 33도를 찍고 있네요 언제 더위가 누그러질지 모르겠습니다 즐거운 오후 되시기 바랍니다 50m  NAVER Corp 인생감자탕 제주점 제주특별자치도 제주시 구남동4길 596 1층 #제주맛집 #제주아라동맛집 #제주감자탕
